key,SampleDeID,DeID,sample_key,Gene,average_AF,average_AD,pd_reason,putative_driver,whereincycle,Trilaciclib,whichdraw,gene_aachange,gene_cDNAchange,n.loci.vep,n.loci.truncating.vep,n.HGVSp,n.HGVSc,COSMIC_ID,CosmicCount,heme_cosmic_count,myeloid_cosmic_count,oncoKB,oncoKB_reviewed,isOncogenic,isTSG,isTruncatingHotSpot,VariantClass,nsamples,source.totals.loci,source.totals.loci.truncating,source.totals.p,source.totals.c
chr17:7669644:GT:G,3410244,1156003,3410244 chr17:7669644:GT:G,TP53,0.0049,189,Nonsense Mutation in TSG,1,C1D1,Trilaciclib,PreTx,TP53_K382NfsTer40,TP53_c.1146del,0,0,0,0,COSV52717002,24,0,0,Likely Oncogenic,,TRUE,TRUE,TRUE,frameshift_variant,2,"","","",""
chr17:7669672:CT:C,3410244,1156003,3410244 chr17:7669672:CT:C,TP53,0.0020885,68.5,Nonsense Mutation in TSG,1,C1D1,Trilaciclib,PreTx,TP53_K373RfsTer49,TP53_c.1118del,0,0,0,0,COSV53420558,7,0,0,Likely Oncogenic,,TRUE,TRUE,TRUE,frameshift_variant,2,"","","",""
chr17:7670700:G:A,3305792,1131004,3305792 chr17:7670700:G:A,TP53,0.00273233333333333,27.6666666666667,OncoKB,1,C1D1,Trilaciclib,PreTx,TP53_R337C,TP53_c.1009C>T,0,0,0,0,COSV52669243,136,16,5,Likely Oncogenic,,TRUE,TRUE,FALSE,missense_variant,1,"","","",""
chr17:7673579:G:A,3410269,1164001,3410269 chr17:7673579:G:A,TP53,0.0014995,49,Nonsense Mutation in TSG,1,C7D1,Trilaciclib,MidTx,TP53_Q317Ter,TP53_c.949C>T,0,0,0,0,COSV52685086,95,7,2,Likely Oncogenic,,TRUE,TRUE,TRUE,stop_gained,1,"","","",""
chr17:7673581:G:A,3464986,1123005,3464986 chr17:7673581:G:A,TP53,0.0012,22,OncoKB,1,C7D1,Placebo,MidTx,TP53_P316L,TP53_c.947C>T,0,0,0,0,COSV52736740,4,0,0,Likely Oncogenic,,TRUE,TRUE,FALSE,missense_variant,1,"","","",""
chr17:7673781:C:T,3410173,1133002,3410173 chr17:7673781:C:T,TP53,0.0025095,37.5,OncoKB,1,C7D1,Trilaciclib,MidTx,TP53_R280K,TP53_c.839G>A,13,12,1,1,COSV52666248,128,2,0,Oncogenic,,TRUE,TRUE,FALSE,missense_variant,1,"kelly: 11, bick: 2","kelly: 10, bick: 2",kelly: 1,kelly: 1
chr17:7673790:C:T,3475503,1148001,3475503 chr17:7673790:C:T,TP53,0.001203,36,OncoKB,1,C7D1,Trilaciclib,MidTx,TP53_C277Y,TP53_c.830G>A,10,10,9,9,COSV52826087,26,5,4,Likely Oncogenic,,TRUE,TRUE,FALSE,missense_variant,2,"kelly: 8, bick: 2","kelly: 8, bick: 2","kelly: 8, bick: 1","kelly: 8, bick: 1"
chr17:7673802:C:T,3305726,1117002,3305726 chr17:7673802:C:T,TP53,0.001594,31.5,OncoKB,1,C1D1,Trilaciclib,PreTx,TP53_R273H,TP53_c.818G>A,38,38,26,26,COSV52660980,1213,64,26,Oncogenic,,TRUE,TRUE,FALSE,missense_variant,3,"kelly: 31, bick: 7","kelly: 31, bick: 7","kelly: 20, bick: 6","kelly: 20, bick: 6"
chr17:7673802:C:T,3410269,1164001,3410269 chr17:7673802:C:T,TP53,0.0044515,111.5,OncoKB,1,C7D1,Trilaciclib,MidTx,TP53_R273H,TP53_c.818G>A,38,38,26,26,COSV52660980,1213,64,26,Oncogenic,,TRUE,TRUE,FALSE,missense_variant,3,"kelly: 31, bick: 7","kelly: 31, bick: 7","kelly: 20, bick: 6","kelly: 20, bick: 6"
chr17:7673802:C:T,3554604,1117002,3554604 chr17:7673802:C:T,TP53,0.0026975,45,OncoKB,1,C7D1,Trilaciclib,MidTx,TP53_R273H,TP53_c.818G>A,38,38,26,26,COSV52660980,1213,64,26,Oncogenic,,TRUE,TRUE,FALSE,missense_variant,3,"kelly: 31, bick: 7","kelly: 31, bick: 7","kelly: 20, bick: 6","kelly: 20, bick: 6"
chr17:7673802:C:T,3464986,1123005,3464986 chr17:7673802:C:T,TP53,0.0021385,35.5,OncoKB,1,C7D1,Placebo,MidTx,TP53_R273H,TP53_c.818G>A,38,38,26,26,COSV52660980,1213,64,26,Oncogenic,,TRUE,TRUE,FALSE,missense_variant,3,"kelly: 31, bick: 7","kelly: 31, bick: 7","kelly: 20, bick: 6","kelly: 20, bick: 6"
chr17:7673826:A:G,3547418,1111005,3547418 chr17:7673826:A:G,TP53,0.0049415,118.5,OncoKB,1,C7D1,Placebo,MidTx,TP53_L265P,TP53_c.794T>C,0,0,0,0,COSV52732531,40,4,2,Likely Oncogenic,,TRUE,TRUE,FALSE,missense_variant,1,"","","",""
chr17:7674200:T:C,3410293,1114002,3410293 chr17:7674200:T:C,TP53,0.0015385,51,OncoKB,1,C7D1,Placebo,MidTx,TP53_I255V,TP53_c.763A>G,0,0,0,0,COSV52713501,3,0,0,Likely Oncogenic,,TRUE,TRUE,FALSE,missense_variant,1,"","","",""
chr17:7674221:G:A,3554553,1117004,3554553 chr17:7674221:G:A,TP53,0.001051,29.5,OncoKB,1,C7D1,Trilaciclib,MidTx,TP53_R248W,TP53_c.742C>T,26,26,10,10,COSV52662035,1007,68,22,Likely Oncogenic,,TRUE,TRUE,FALSE,missense_variant,3,"kelly: 21, bick: 5","kelly: 21, bick: 5","kelly: 9, bick: 1","kelly: 9, bick: 1"
chr17:7674229:C:A,3554604,1117002,3554604 chr17:7674229:C:A,TP53,0.0012255,24.5,OncoKB,1,C7D1,Trilaciclib,MidTx,TP53_G245V,TP53_c.734G>T,10,10,1,1,COSV52666323,138,6,3,Likely Oncogenic,,TRUE,TRUE,FALSE,missense_variant,1,"kelly: 9, bick: 1","kelly: 9, bick: 1",kelly: 1,kelly: 1
chr17:7674242:A:G,3410293,1114002,3410293 chr17:7674242:A:G,TP53,0.001931,59,OncoKB,1,C7D1,Placebo,MidTx,TP53_S241P,TP53_c.721T>C,8,8,1,1,COSV52670786,17,4,0,Likely Oncogenic,,TRUE,TRUE,FALSE,missense_variant,1,kelly: 8,kelly: 8,kelly: 1,kelly: 1
chr17:7674245:T:C,3564822,1131011,3564822 chr17:7674245:T:C,TP53,0.0024515,55.5,OncoKB,1,C7D1,Trilaciclib,MidTx,TP53_S240G,TP53_c.718A>G,0,0,0,0,COSV52677032,26,4,1,Likely Oncogenic,,TRUE,TRUE,FALSE,missense_variant,1,"","","",""
chr17:7674250:C:T,3554604,1117002,3554604 chr17:7674250:C:T,TP53,0.0019765,42,OncoKB,1,C7D1,Trilaciclib,MidTx,TP53_C238Y,TP53_c.713G>A,13,13,12,12,COSV52661646,166,20,14,Likely Oncogenic,,TRUE,TRUE,FALSE,missense_variant,2,"kelly: 7, bick: 6","kelly: 7, bick: 6","kelly: 6, bick: 6","kelly: 6, bick: 6"
chr17:7674872:T:C,3554604,1117002,3554604 chr17:7674872:T:C,TP53,0.002187,44.5,OncoKB,1,C7D1,Trilaciclib,MidTx,TP53_Y220C,TP53_c.659A>G,26,26,23,23,COSV52661282,576,59,30,Oncogenic,,TRUE,TRUE,FALSE,missense_variant,4,"kelly: 23, bick: 3","kelly: 23, bick: 3","kelly: 20, bick: 3","kelly: 20, bick: 3"
chr17:7674872:T:C,3464986,1123005,3464986 chr17:7674872:T:C,TP53,0.002222,49,OncoKB,1,C7D1,Placebo,MidTx,TP53_Y220C,TP53_c.659A>G,26,26,23,23,COSV52661282,576,59,30,Oncogenic,,TRUE,TRUE,FALSE,missense_variant,4,"kelly: 23, bick: 3","kelly: 23, bick: 3","kelly: 20, bick: 3","kelly: 20, bick: 3"
chr17:7674885:C:T,3305792,1131004,3305792 chr17:7674885:C:T,TP53,0.001633,16.5,OncoKB,1,C1D1,Trilaciclib,PreTx,TP53_V216M,TP53_c.646G>A,10,10,9,9,COSV52671096,142,22,13,Likely Oncogenic,,TRUE,TRUE,FALSE,missense_variant,1,kelly: 10,kelly: 10,kelly: 9,kelly: 9
chr17:7674890:T:C,3305792,1131004,3305792 chr17:7674890:T:C,TP53,0.010018,101.333333333333,OncoKB,1,C1D1,Trilaciclib,PreTx,TP53_H214R,TP53_c.641A>G,5,5,3,3,COSV52670202,143,6,2,Likely Oncogenic,,TRUE,TRUE,FALSE,missense_variant,1,"kelly: 4, bick: 1","kelly: 4, bick: 1","kelly: 2, bick: 1","kelly: 2, bick: 1"
chr17:7674948:T:C,3410249,1156001,3410249 chr17:7674948:T:C,TP53,0.0013,40,OncoKB,1,C7D1,Placebo,MidTx,TP53_I195V,TP53_c.583A>G,7,7,0,0,"",0,0,0,Likely Oncogenic,,TRUE,TRUE,FALSE,missense_variant,2,"kelly: 6, bick: 1","kelly: 6, bick: 1","",""
chr17:7674948:T:C,3410160,1156004,3410160 chr17:7674948:T:C,TP53,0.0013,37,OncoKB,1,C1D1,Trilaciclib,PreTx,TP53_I195V,TP53_c.583A>G,7,7,0,0,"",0,0,0,Likely Oncogenic,,TRUE,TRUE,FALSE,missense_variant,2,"kelly: 6, bick: 1","kelly: 6, bick: 1","",""
chr17:7675076:T:C,3410269,1164001,3410269 chr17:7675076:T:C,TP53,0.0017585,40,OncoKB,1,C7D1,Trilaciclib,MidTx,TP53_H179R,TP53_c.536A>G,18,18,8,8,COSV52661712,276,22,9,Likely Oncogenic,,TRUE,TRUE,FALSE,missense_variant,3,"kelly: 16, bick: 2","kelly: 16, bick: 2",kelly: 8,kelly: 8
chr17:7675076:T:C,3305713,1133002,3305713 chr17:7675076:T:C,TP53,0.0018,24,OncoKB,1,C1D1,Trilaciclib,PreTx,TP53_H179R,TP53_c.536A>G,18,18,8,8,COSV52661712,276,22,9,Likely Oncogenic,,TRUE,TRUE,FALSE,missense_variant,3,"kelly: 16, bick: 2","kelly: 16, bick: 2",kelly: 8,kelly: 8
chr17:7675082:G:C,3475476,1111004,3475476 chr17:7675082:G:C,TP53,0.001,13,OncoKB,1,C7D1,Trilaciclib,MidTx,TP53_P177R,TP53_c.530C>G,7,7,3,3,COSV52661381,27,1,0,Likely Oncogenic,,TRUE,TRUE,FALSE,missense_variant,1,"kelly: 4, bick: 3","kelly: 4, bick: 3",bick: 3,bick: 3
chr17:7675082:G:T,3305792,1131004,3305792 chr17:7675082:G:T,TP53,0.0014,11,OncoKB,1,C1D1,Trilaciclib,PreTx,TP53_P177H,TP53_c.530C>A,7,7,2,2,COSV52783879,4,0,0,Likely Oncogenic,,TRUE,TRUE,FALSE,missense_variant,1,"kelly: 4, bick: 3","kelly: 4, bick: 3",kelly: 2,kelly: 2
chr17:7675088:C:T,3338489,1111001,3338489 chr17:7675088:C:T,TP53,0.0011,44,OncoKB,1,C1D1,Trilaciclib,PreTx,TP53_R175H,TP53_c.524G>A,22,21,20,20,COSV52661038,1815,77,24,Oncogenic,,TRUE,TRUE,FALSE,missense_variant,3,"kelly: 19, bick: 3","kelly: 19, bick: 2","kelly: 18, bick: 2","kelly: 18, bick: 2"
chr17:7675088:C:T,3547445,1111001,3547445 chr17:7675088:C:T,TP53,0.003315,19,OncoKB,1,C7D1,Trilaciclib,MidTx,TP53_R175H,TP53_c.524G>A,22,21,20,20,COSV52661038,1815,77,24,Oncogenic,,TRUE,TRUE,FALSE,missense_variant,3,"kelly: 19, bick: 3","kelly: 19, bick: 2","kelly: 18, bick: 2","kelly: 18, bick: 2"
chr17:7675115:G:T,3554604,1117002,3554604 chr17:7675115:G:T,TP53,0.0017855,21,Nonsense Mutation in TSG,1,C7D1,Trilaciclib,MidTx,TP53_S166Ter,TP53_c.497C>A,0,0,0,0,COSV52718793,28,2,1,Likely Oncogenic,,TRUE,TRUE,TRUE,stop_gained,1,"","","",""
chr17:7675158:G:A,3554604,1117002,3554604 chr17:7675158:G:A,TP53,0.0026655,41,OncoKB,1,C7D1,Trilaciclib,MidTx,TP53_P152S,TP53_c.454C>T,0,0,0,0,COSV52681003,32,2,0,Likely Oncogenic,,TRUE,TRUE,FALSE,missense_variant,1,"","","",""
chr17:7675197:T:C,3475497,1111004,3475497 chr17:7675197:T:C,TP53,0.00182,33,OncoKB,1,C1D1,Trilaciclib,PreTx,TP53_K139E,TP53_c.415A>G,0,0,0,0,COSV52754015,5,0,0,Likely Oncogenic,,TRUE,TRUE,FALSE,missense_variant,1,"","","",""
chr17:7675218:T:C,3564783,1131013,3564783 chr17:7675218:T:C,TP53,0.0051605,20,OncoKB,1,C7D1,Placebo,MidTx,TP53_K132E,TP53_c.394A>G,6,6,0,0,COSV52689323,41,3,0,Likely Oncogenic,,TRUE,TRUE,FALSE,missense_variant,1,"kelly: 5, bick: 1","kelly: 5, bick: 1","",""
chr17:7676064:G:A,3410244,1156003,3410244 chr17:7676064:G:A,TP53,0.001366,50.5,OncoKB,1,C1D1,Trilaciclib,PreTx,TP53_T102I,TP53_c.305C>T,0,0,0,0,COSV52772159,8,1,0,Likely Oncogenic,,TRUE,TRUE,FALSE,missense_variant,1,"","","",""
chr17:60662996:C:G,3410269,1164001,3410269 chr17:60662996:C:G,PPM1D,0.00806566666666667,223.666666666667,Nonsense Mutation on Exon 6,1,C7D1,Trilaciclib,MidTx,PPM1D_S421Ter,PPM1D_c.1262C>G,5,5,5,5,COSV59959014,2,2,1,Unknown,,FALSE,FALSE,TRUE,stop_gained,1,kelly: 5,kelly: 5,kelly: 5,kelly: 5
chr17:60663004:G:T,3410179,1156004,3410179 chr17:60663004:G:T,PPM1D,0.005101,173.5,OncoKB,1,C7D1,Trilaciclib,MidTx,PPM1D_E424Ter,PPM1D_c.1270G>T,11,11,9,9,COSV59955490,2,0,0,Likely Oncogenic,,TRUE,FALSE,TRUE,stop_gained,1,"kelly: 10, bick: 1","kelly: 10, bick: 1","kelly: 8, bick: 1","kelly: 8, bick: 1"
chr17:60663085:G:T,3410179,1156004,3410179 chr17:60663085:G:T,PPM1D,0.0019035,65,OncoKB,1,C7D1,Trilaciclib,MidTx,PPM1D_E451Ter,PPM1D_c.1351G>T,0,0,0,0,COSV59958339,1,0,0,Likely Oncogenic,,TRUE,FALSE,TRUE,stop_gained,2,"","","",""
chr17:60663085:G:T,3564787,1131010,3564787 chr17:60663085:G:T,PPM1D,0.025278,271.666666666667,OncoKB,1,C7D1,Trilaciclib,MidTx,PPM1D_E451Ter,PPM1D_c.1351G>T,0,0,0,0,COSV59958339,1,0,0,Likely Oncogenic,,TRUE,FALSE,TRUE,stop_gained,2,"","","",""
chr17:60663085:G:T,3410205,1131010,3410205 chr17:60663085:G:T,PPM1D,0.004647,123,OncoKB,1,C1D1,Trilaciclib,PreTx,PPM1D_E451Ter,PPM1D_c.1351G>T,0,0,0,0,COSV59958339,1,0,0,Likely Oncogenic,,TRUE,FALSE,TRUE,stop_gained,2,"","","",""
chr17:60663092:C:A,3305769,1123005,3305769 chr17:60663092:C:A,PPM1D,0.001122,23.5,OncoKB,1,C1D1,Placebo,PreTx,PPM1D_S453Ter,PPM1D_c.1358C>A,5,5,4,2,COSV59955355,2,1,1,Likely Oncogenic,,TRUE,FALSE,TRUE,stop_gained,1,"kelly: 4, bick: 1","kelly: 4, bick: 1",kelly: 4,kelly: 2
chr17:60663092:C:A,3464986,1123005,3464986 chr17:60663092:C:A,PPM1D,0.022772,408,OncoKB,1,C7D1,Placebo,MidTx,PPM1D_S453Ter,PPM1D_c.1358C>A,5,5,4,2,COSV59955355,2,1,1,Likely Oncogenic,,TRUE,FALSE,TRUE,stop_gained,1,"kelly: 4, bick: 1","kelly: 4, bick: 1",kelly: 4,kelly: 2
chr17:60663118:C:T,3554604,1117002,3554604 chr17:60663118:C:T,PPM1D,0.0031815,77.5,OncoKB,1,C7D1,Trilaciclib,MidTx,PPM1D_Q462Ter,PPM1D_c.1384C>T,28,28,23,22,COSV59955543,5,1,1,Likely Oncogenic,,TRUE,FALSE,TRUE,stop_gained,2,"kelly: 22, bick: 6","kelly: 22, bick: 6","kelly: 18, bick: 5","kelly: 17, bick: 5"
chr17:60663137:C:G,3475476,1111004,3475476 chr17:60663137:C:G,PPM1D,0.001407,49.5,OncoKB,1,C7D1,Trilaciclib,MidTx,PPM1D_S468Ter,PPM1D_c.1403C>G,33,33,29,22,COSV59955889,7,4,1,Likely Oncogenic,,TRUE,FALSE,TRUE,stop_gained,1,"kelly: 28, bick: 5","kelly: 28, bick: 5","kelly: 25, bick: 4","kelly: 19, bick: 3"
chr17:60663148:G:T,3305792,1131004,3305792 chr17:60663148:G:T,PPM1D,0.0010035,25,OncoKB,1,C1D1,Trilaciclib,PreTx,PPM1D_E472Ter,PPM1D_c.1414G>T,19,19,13,12,COSV59956007,2,1,1,Likely Oncogenic,,TRUE,FALSE,TRUE,stop_gained,1,"kelly: 16, bick: 3","kelly: 16, bick: 3","kelly: 10, bick: 3","kelly: 9, bick: 3"
chr17:60663171:T:TA,3464986,1123005,3464986 chr17:60663171:T:TA,PPM1D,0.0021,85,Nonsense Mutation on Exon 6,1,C7D1,Placebo,MidTx,PPM1D_A481SfsTer8,PPM1D_c.1440dup,31,31,6,6,"",0,0,0,Unknown,,FALSE,FALSE,TRUE,frameshift_variant,1,"kelly: 30, bick: 1","kelly: 30, bick: 1",kelly: 6,kelly: 6
chr17:60663171:TA:T,3305792,1131004,3305792 chr17:60663171:TA:T,PPM1D,0.0048415,120.5,Nonsense Mutation on Exon 6,1,C1D1,Trilaciclib,PreTx,PPM1D_A481PfsTer2,PPM1D_c.1440del,31,31,17,9,COSV59957766,2,1,1,Unknown,,FALSE,FALSE,TRUE,frameshift_variant,1,"kelly: 30, bick: 1","kelly: 30, bick: 1","kelly: 16, bick: 1",kelly: 9
chr17:60663182:C:CT,3547416,1137001,3547416 chr17:60663182:C:CT,PPM1D,0.001403,79.5,Nonsense Mutation on Exon 6,1,C7D1,Placebo,MidTx,PPM1D_L484FfsTer5,PPM1D_c.1451dup,71,71,14,14,COSV99045416,3,2,2,Unknown,,FALSE,FALSE,TRUE,frameshift_variant,1,"kelly: 63, bick: 8","kelly: 63, bick: 8","kelly: 12, bick: 2","kelly: 12, bick: 2"
chr17:60663184:T:TA,3305792,1131004,3305792 chr17:60663184:T:TA,PPM1D,0.002012,48.5,Nonsense Mutation on Exon 6,1,C1D1,Trilaciclib,PreTx,PPM1D_L484YfsTer5,PPM1D_c.1450_1451insA,71,71,2,2,COSV100011340,1,1,1,Unknown,,FALSE,FALSE,TRUE,frameshift_variant,1,"kelly: 63, bick: 8","kelly: 63, bick: 8",kelly: 2,kelly: 2
chr17:60663187:A:G,3410160,1156004,3410160 chr17:60663187:A:G,PPM1D,0.0011195,95,Loci + SIFT/PolyPhen,1,C1D1,Trilaciclib,PreTx,PPM1D_R485G,PPM1D_c.1453A>G,6,0,0,0,"",0,0,0,Unknown,,FALSE,FALSE,FALSE,missense_variant,1,kelly: 6,"","",""
chr17:60663260:AC:A,3305769,1123005,3305769 chr17:60663260:AC:A,PPM1D,0.001134,26,Nonsense Mutation on Exon 6,1,C1D1,Placebo,PreTx,PPM1D_Q510KfsTer4,PPM1D_c.1528del,27,27,7,7,COSV99045417,1,1,1,Unknown,,FALSE,FALSE,TRUE,frameshift_variant,1,"kelly: 25, bick: 2","kelly: 25, bick: 2",kelly: 7,kelly: 7
chr17:60663260:AC:A,3464986,1123005,3464986 chr17:60663260:AC:A,PPM1D,0.0286243333333333,597.666666666667,Nonsense Mutation on Exon 6,1,C7D1,Placebo,MidTx,PPM1D_Q510KfsTer4,PPM1D_c.1528del,27,27,7,7,COSV99045417,1,1,1,Unknown,,FALSE,FALSE,TRUE,frameshift_variant,1,"kelly: 25, bick: 2","kelly: 25, bick: 2",kelly: 7,kelly: 7
chr17:60663262:C:CA,3547421,1111003,3547421 chr17:60663262:C:CA,PPM1D,0.0187,260,Nonsense Mutation on Exon 6,1,C7D1,Trilaciclib,MidTx,PPM1D_N512KfsTer16,PPM1D_c.1535dup,30,30,20,20,COSV59954149,9,1,1,Unknown,,FALSE,FALSE,TRUE,frameshift_variant,1,"kelly: 21, bick: 9","kelly: 21, bick: 9","kelly: 17, bick: 3","kelly: 17, bick: 3"
chr17:60663262:C:CA,3410200,1111003,3410200 chr17:60663262:C:CA,PPM1D,0.0045055,118,Nonsense Mutation on Exon 6,1,C1D1,Trilaciclib,PreTx,PPM1D_N512KfsTer16,PPM1D_c.1535dup,30,30,20,20,COSV59954149,9,1,1,Unknown,,FALSE,FALSE,TRUE,frameshift_variant,1,"kelly: 21, bick: 9","kelly: 21, bick: 9","kelly: 17, bick: 3","kelly: 17, bick: 3"
chr17:60663272:T:A,3475532,1131014,3475532 chr17:60663272:T:A,PPM1D,0.0013015,26,OncoKB,1,C1D1,Trilaciclib,PreTx,PPM1D_L513Ter,PPM1D_c.1538T>A,22,22,19,9,COSV59958391,1,0,0,Likely Oncogenic,,TRUE,FALSE,TRUE,stop_gained,1,"kelly: 18, bick: 4","kelly: 18, bick: 4","kelly: 16, bick: 3","kelly: 8, bick: 1"
chr17:60663272:T:A,3564778,1131014,3564778 chr17:60663272:T:A,PPM1D,0.00288933333333333,39,OncoKB,1,C7D1,Trilaciclib,MidTx,PPM1D_L513Ter,PPM1D_c.1538T>A,22,22,19,9,COSV59958391,1,0,0,Likely Oncogenic,,TRUE,FALSE,TRUE,stop_gained,1,"kelly: 18, bick: 4","kelly: 18, bick: 4","kelly: 16, bick: 3","kelly: 8, bick: 1"
chr17:60663274:A:T,3410293,1114002,3410293 chr17:60663274:A:T,PPM1D,0.0019,10,OncoKB,1,C7D1,Placebo,MidTx,PPM1D_K514Ter,PPM1D_c.1540A>T,5,5,3,3,COSV59959043,2,2,1,Likely Oncogenic,,TRUE,FALSE,TRUE,stop_gained,1,kelly: 5,kelly: 5,kelly: 3,kelly: 3
chr17:60663281:C:A,3475533,1156002,3475533 chr17:60663281:C:A,PPM1D,0.0010875,45,OncoKB,1,C7D1,Trilaciclib,MidTx,PPM1D_S516Ter,PPM1D_c.1547C>A,20,20,19,6,COSV59956876,3,2,2,Likely Oncogenic,,TRUE,FALSE,TRUE,stop_gained,1,"kelly: 16, bick: 4","kelly: 16, bick: 4","kelly: 16, bick: 3",kelly: 6
chr17:60663281:C:G,3305792,1131004,3305792 chr17:60663281:C:G,PPM1D,0.012041,155,OncoKB,1,C1D1,Trilaciclib,PreTx,PPM1D_S516Ter,PPM1D_c.1547C>G,20,20,19,12,COSV59956876,3,2,2,Likely Oncogenic,,TRUE,FALSE,TRUE,stop_gained,1,"kelly: 16, bick: 4","kelly: 16, bick: 4","kelly: 16, bick: 3","kelly: 9, bick: 3"
chr17:60663292:CA:C,3547445,1111001,3547445 chr17:60663292:CA:C,PPM1D,0.001184,14,OncoKB,1,C7D1,Trilaciclib,MidTx,PPM1D_M521Ter,PPM1D_c.1561del,12,12,8,8,COSV99045429,2,2,2,Likely Oncogenic,,TRUE,FALSE,TRUE,frameshift_variant,1,"kelly: 11, bick: 1","kelly: 11, bick: 1","kelly: 7, bick: 1","kelly: 7, bick: 1"
chr17:60663304:C:T,3564787,1131010,3564787 chr17:60663304:C:T,PPM1D,0.0188643333333333,124,OncoKB,1,C7D1,Trilaciclib,MidTx,PPM1D_Q524Ter,PPM1D_c.1570C>T,17,17,15,15,COSV59957525,2,1,1,Likely Oncogenic,,TRUE,FALSE,TRUE,stop_gained,1,"kelly: 13, bick: 4","kelly: 13, bick: 4","kelly: 12, bick: 3","kelly: 12, bick: 3"
chr17:60663304:C:T,3410205,1131010,3410205 chr17:60663304:C:T,PPM1D,0.0027905,80,OncoKB,1,C1D1,Trilaciclib,PreTx,PPM1D_Q524Ter,PPM1D_c.1570C>T,17,17,15,15,COSV59957525,2,1,1,Likely Oncogenic,,TRUE,FALSE,TRUE,stop_gained,1,"kelly: 13, bick: 4","kelly: 13, bick: 4","kelly: 12, bick: 3","kelly: 12, bick: 3"
chr17:60663333:CT:C,3564779,1131015,3564779 chr17:60663333:CT:C,PPM1D,0.0011845,28,Nonsense Mutation on Exon 6,1,C7D1,Placebo,MidTx,PPM1D_F534LfsTer5,PPM1D_c.1602del,33,33,23,23,COSV59958175,2,2,1,Unknown,,FALSE,FALSE,TRUE,frameshift_variant,2,"kelly: 28, bick: 5","kelly: 28, bick: 5","kelly: 19, bick: 4","kelly: 19, bick: 4"
chr17:60663333:CT:C,3464986,1123005,3464986 chr17:60663333:CT:C,PPM1D,0.0020135,43,Nonsense Mutation on Exon 6,1,C7D1,Placebo,MidTx,PPM1D_F534LfsTer5,PPM1D_c.1602del,33,33,23,23,COSV59958175,2,2,1,Unknown,,FALSE,FALSE,TRUE,frameshift_variant,2,"kelly: 28, bick: 5","kelly: 28, bick: 5","kelly: 19, bick: 4","kelly: 19, bick: 4"
chr17:60663337:A:T,3410293,1114002,3410293 chr17:60663337:A:T,PPM1D,0.02291,149.333333333333,OncoKB,1,C7D1,Placebo,MidTx,PPM1D_K535Ter,PPM1D_c.1603A>T,10,10,8,3,COSV59955404,2,2,2,Likely Oncogenic,,TRUE,FALSE,TRUE,stop_gained,1,"kelly: 7, bick: 3","kelly: 7, bick: 3","kelly: 6, bick: 2","kelly: 2, bick: 1"
chr17:60663338:A:G,3564779,1131015,3564779 chr17:60663338:A:G,PPM1D,0.001576,38,Loci + SIFT/PolyPhen,1,C7D1,Placebo,MidTx,PPM1D_K535R,PPM1D_c.1604A>G,10,0,0,0,"",0,0,0,Unknown,,FALSE,FALSE,FALSE,missense_variant,1,"kelly: 7, bick: 3","","",""
chr17:60663340:AG:A,3547418,1111005,3547418 chr17:60663340:AG:A,PPM1D,0.0059745,304.5,Nonsense Mutation on Exon 6,1,C7D1,Placebo,MidTx,PPM1D_T537HfsTer2,PPM1D_c.1608del,8,8,5,5,COSV105190414,1,0,0,Unknown,,FALSE,FALSE,TRUE,frameshift_variant,2,"kelly: 7, bick: 1","kelly: 7, bick: 1","kelly: 4, bick: 1","kelly: 4, bick: 1"
chr17:60663340:AG:A,3305792,1131004,3305792 chr17:60663340:AG:A,PPM1D,0.002289,51.5,Nonsense Mutation on Exon 6,1,C1D1,Trilaciclib,PreTx,PPM1D_T537HfsTer2,PPM1D_c.1608del,8,8,5,5,COSV105190414,1,0,0,Unknown,,FALSE,FALSE,TRUE,frameshift_variant,2,"kelly: 7, bick: 1","kelly: 7, bick: 1","kelly: 4, bick: 1","kelly: 4, bick: 1"
chr2:25234304:A:G,3554561,1117006,3554561 chr2:25234304:A:G,DNMT3A,0.010017,57,OncoKB,1,C1D1,Trilaciclib,PreTx,DNMT3A_L905P,DNMT3A_c.2714T>C,11,11,5,5,"",0,0,0,Likely Oncogenic,,TRUE,TRUE,FALSE,missense_variant,1,"kelly: 10, bick: 1","kelly: 10, bick: 1","kelly: 4, bick: 1","kelly: 4, bick: 1"
chr2:25234307:G:A,3338452,1137001,3338452 chr2:25234307:G:A,DNMT3A,0.002657,44.5,OncoKB,1,C1D1,Placebo,PreTx,DNMT3A_P904L,DNMT3A_c.2711C>T,126,126,110,110,COSV53041674,20,19,18,Likely Oncogenic,,TRUE,TRUE,FALSE,missense_variant,1,"kelly: 76, bick: 50","kelly: 76, bick: 50","kelly: 68, bick: 42","kelly: 68, bick: 42"
chr2:25234307:G:A,3547416,1137001,3547416 chr2:25234307:G:A,DNMT3A,0.003573,81.5,OncoKB,1,C7D1,Placebo,MidTx,DNMT3A_P904L,DNMT3A_c.2711C>T,126,126,110,110,COSV53041674,20,19,18,Likely Oncogenic,,TRUE,TRUE,FALSE,missense_variant,1,"kelly: 76, bick: 50","kelly: 76, bick: 50","kelly: 68, bick: 42","kelly: 68, bick: 42"
chr2:25234322:C:T,3410293,1114002,3410293 chr2:25234322:C:T,DNMT3A,0.0011,36,OncoKB,1,C7D1,Placebo,MidTx,DNMT3A_R899H,DNMT3A_c.2696G>A,36,32,4,4,COSV53055000,5,4,3,Likely Oncogenic,,TRUE,TRUE,FALSE,missense_variant,1,"kelly: 27, bick: 9","kelly: 25, bick: 7","kelly: 3, bick: 1","kelly: 3, bick: 1"
chr2:25234323:G:A,3410160,1156004,3410160 chr2:25234323:G:A,DNMT3A,0.0013005,52,OncoKB,1,C1D1,Trilaciclib,PreTx,DNMT3A_R899C,DNMT3A_c.2695C>T,36,32,26,26,COSV53070898,2,0,0,Likely Oncogenic,,TRUE,TRUE,FALSE,missense_variant,1,"kelly: 27, bick: 9","kelly: 25, bick: 7","kelly: 20, bick: 6","kelly: 20, bick: 6"
chr2:25234326:T:C,3338452,1137001,3338452 chr2:25234326:T:C,DNMT3A,0.001,15,OncoKB,1,C1D1,Placebo,PreTx,DNMT3A_I898V,DNMT3A_c.2692A>G,8,7,0,0,"",0,0,0,Likely Oncogenic,,TRUE,TRUE,FALSE,missense_variant,1,"kelly: 5, bick: 3","kelly: 5, bick: 2","",""
chr2:25234362:G:A,3564787,1131010,3564787 chr2:25234362:G:A,DNMT3A,0.0012,25,Nonsense Mutation in TSG,1,C7D1,Trilaciclib,MidTx,DNMT3A_Q886Ter,DNMT3A_c.2656C>T,10,7,7,7,COSV53042492,3,2,2,Likely Oncogenic,,TRUE,TRUE,TRUE,stop_gained,1,"kelly: 4, bick: 6","kelly: 1, bick: 6","kelly: 1, bick: 6","kelly: 1, bick: 6"
chr2:25234362:G:A,3410205,1131010,3410205 chr2:25234362:G:A,DNMT3A,0.0027555,69.5,Nonsense Mutation in TSG,1,C1D1,Trilaciclib,PreTx,DNMT3A_Q886Ter,DNMT3A_c.2656C>T,10,7,7,7,COSV53042492,3,2,2,Likely Oncogenic,,TRUE,TRUE,TRUE,stop_gained,1,"kelly: 4, bick: 6","kelly: 1, bick: 6","kelly: 1, bick: 6","kelly: 1, bick: 6"
chr2:25234373:C:T,3305721,1122002,3305721 chr2:25234373:C:T,DNMT3A,0.0262376666666667,425.666666666667,OncoKB,1,C1D1,Trilaciclib,PreTx,DNMT3A_R882H,DNMT3A_c.2645G>A,663,663,396,396,COSV53036153,906,899,875,Oncogenic,,TRUE,TRUE,FALSE,missense_variant,2,"kelly: 398, bick: 265","kelly: 398, bick: 265","kelly: 231, bick: 165","kelly: 231, bick: 165"
chr2:25234373:C:T,3475524,1122002,3475524 chr2:25234373:C:T,DNMT3A,0.0341006666666667,859,OncoKB,1,C7D1,Trilaciclib,MidTx,DNMT3A_R882H,DNMT3A_c.2645G>A,663,663,396,396,COSV53036153,906,899,875,Oncogenic,,TRUE,TRUE,FALSE,missense_variant,2,"kelly: 398, bick: 265","kelly: 398, bick: 265","kelly: 231, bick: 165","kelly: 231, bick: 165"
chr2:25234380:T:C,3410293,1114002,3410293 chr2:25234380:T:C,DNMT3A,0.0013,41,OncoKB,1,C7D1,Placebo,MidTx,DNMT3A_M880V,DNMT3A_c.2638A>G,20,19,15,15,COSV53039674,6,6,6,Likely Oncogenic,,TRUE,TRUE,FALSE,missense_variant,2,"kelly: 11, bick: 9","kelly: 10, bick: 9","kelly: 6, bick: 9","kelly: 6, bick: 9"
chr2:25234415:A:G,3410293,1114002,3410293 chr2:25234415:A:G,DNMT3A,0.001736,48,COSMIC,1,C7D1,Placebo,MidTx,DNMT3A_F868S,DNMT3A_c.2603T>C,10,6,0,0,COSV53058764,1,1,1,Unknown,,FALSE,TRUE,FALSE,missense_variant,1,"kelly: 7, bick: 3","kelly: 3, bick: 3","",""
chr2:25235779:T:A,3305738,1111005,3305738 chr2:25235779:T:A,DNMT3A,0.001154,37,Loci + SIFT/PolyPhen,1,C1D1,Placebo,PreTx,DNMT3A_Q842L,DNMT3A_c.2525A>T,13,8,0,0,"",0,0,0,Unknown,,FALSE,TRUE,FALSE,missense_variant,1,"kelly: 10, bick: 3","kelly: 6, bick: 2","",""
chr2:25236964:TC:T,3305766,1117004,3305766 chr2:25236964:TC:T,DNMT3A,0.001187,22,Nonsense Mutation in TSG,1,C1D1,Trilaciclib,PreTx,DNMT3A_E817SfsTer8,DNMT3A_c.2449del,6,6,2,2,"",0,0,0,Likely Oncogenic,,TRUE,TRUE,TRUE,frameshift_variant,1,"kelly: 4, bick: 2","kelly: 4, bick: 2",kelly: 2,kelly: 2
chr2:25236964:TC:T,3554553,1117004,3554553 chr2:25236964:TC:T,DNMT3A,0.001432,33,Nonsense Mutation in TSG,1,C7D1,Trilaciclib,MidTx,DNMT3A_E817SfsTer8,DNMT3A_c.2449del,6,6,2,2,"",0,0,0,Likely Oncogenic,,TRUE,TRUE,TRUE,frameshift_variant,1,"kelly: 4, bick: 2","kelly: 4, bick: 2",kelly: 2,kelly: 2
chr2:25236965:CC:T,3305766,1117004,3305766 chr2:25236965:CC:T,DNMT3A,0.0012,23,Nonsense Mutation in TSG,1,C1D1,Trilaciclib,PreTx,DNMT3A_E817SfsTer8,DNMT3A_c.2448_2449delinsA,6,6,2,0,"",0,0,0,Likely Oncogenic,,TRUE,TRUE,TRUE,frameshift_variant,1,"kelly: 4, bick: 2","kelly: 4, bick: 2",kelly: 2,""
chr2:25236965:CC:T,3554553,1117004,3554553 chr2:25236965:CC:T,DNMT3A,0.0014,33,Nonsense Mutation in TSG,1,C7D1,Trilaciclib,MidTx,DNMT3A_E817SfsTer8,DNMT3A_c.2448_2449delinsA,6,6,2,0,"",0,0,0,Likely Oncogenic,,TRUE,TRUE,TRUE,frameshift_variant,1,"kelly: 4, bick: 2","kelly: 4, bick: 2",kelly: 2,""
chr2:25239199:A:G,3338489,1111001,3338489 chr2:25239199:A:G,DNMT3A,0.0022385,156.5,OncoKB,1,C1D1,Trilaciclib,PreTx,DNMT3A_I780T,DNMT3A_c.2339T>C,75,73,62,62,COSV53042418,6,6,3,Likely Oncogenic,,TRUE,TRUE,FALSE,missense_variant,2,"kelly: 49, bick: 26","kelly: 47, bick: 26","kelly: 39, bick: 23","kelly: 39, bick: 23"
chr2:25239199:A:G,3564783,1131013,3564783 chr2:25239199:A:G,DNMT3A,0.0045935,28.5,OncoKB,1,C7D1,Placebo,MidTx,DNMT3A_I780T,DNMT3A_c.2339T>C,75,73,62,62,COSV53042418,6,6,3,Likely Oncogenic,,TRUE,TRUE,FALSE,missense_variant,2,"kelly: 49, bick: 26","kelly: 47, bick: 26","kelly: 39, bick: 23","kelly: 39, bick: 23"
chr2:25239199:A:G,3547445,1111001,3547445 chr2:25239199:A:G,DNMT3A,0.002832,39.5,OncoKB,1,C7D1,Trilaciclib,MidTx,DNMT3A_I780T,DNMT3A_c.2339T>C,75,73,62,62,COSV53042418,6,6,3,Likely Oncogenic,,TRUE,TRUE,FALSE,missense_variant,2,"kelly: 49, bick: 26","kelly: 47, bick: 26","kelly: 39, bick: 23","kelly: 39, bick: 23"
chr2:25239199:A:G,3564799,1131013,3564799 chr2:25239199:A:G,DNMT3A,0.0037095,74.5,OncoKB,1,C1D1,Placebo,PreTx,DNMT3A_I780T,DNMT3A_c.2339T>C,75,73,62,62,COSV53042418,6,6,3,Likely Oncogenic,,TRUE,TRUE,FALSE,missense_variant,2,"kelly: 49, bick: 26","kelly: 47, bick: 26","kelly: 39, bick: 23","kelly: 39, bick: 23"
chr2:25239205:A:C,3475532,1131014,3475532 chr2:25239205:A:C,DNMT3A,0.002464,79,OncoKB,1,C1D1,Trilaciclib,PreTx,DNMT3A_V778G,DNMT3A_c.2333T>G,20,16,3,3,"",0,0,0,Likely Oncogenic,,TRUE,TRUE,FALSE,missense_variant,1,"kelly: 18, bick: 2","kelly: 15, bick: 1",kelly: 3,kelly: 3
chr2:25239205:A:C,3564778,1131014,3564778 chr2:25239205:A:C,DNMT3A,0.0025185,44.5,OncoKB,1,C7D1,Trilaciclib,MidTx,DNMT3A_V778G,DNMT3A_c.2333T>G,20,16,3,3,"",0,0,0,Likely Oncogenic,,TRUE,TRUE,FALSE,missense_variant,1,"kelly: 18, bick: 2","kelly: 15, bick: 1",kelly: 3,kelly: 3
chr2:25240312:C:T,3564799,1131013,3564799 chr2:25240312:C:T,DNMT3A,0.00245166666666667,37,OncoKB,1,C1D1,Placebo,PreTx,DNMT3A_R771Q,DNMT3A_c.2312G>A,126,36,23,23,COSV53037113,8,4,4,Likely Oncogenic,,TRUE,TRUE,FALSE,missense_variant,1,"kelly: 92, bick: 34","kelly: 24, bick: 12","kelly: 19, bick: 4","kelly: 19, bick: 4"
chr2:25240315:G:A,3305721,1122002,3305721 chr2:25240315:G:A,DNMT3A,0.007823,218,OncoKB,1,C1D1,Trilaciclib,PreTx,DNMT3A_S770L,DNMT3A_c.2309C>T,54,52,43,43,COSV53044545,7,7,7,Likely Oncogenic,,TRUE,TRUE,FALSE,missense_variant,1,"kelly: 37, bick: 17","kelly: 35, bick: 17","kelly: 29, bick: 14","kelly: 29, bick: 14"
chr2:25240319:T:C,3305734,1122001,3305734 chr2:25240319:T:C,DNMT3A,0.001851,39.6666666666667,OncoKB,1,C1D1,Trilaciclib,PreTx,DNMT3A_I769V,DNMT3A_c.2305A>G,8,6,4,4,"",0,0,0,Likely Oncogenic,,TRUE,TRUE,FALSE,missense_variant,1,kelly: 8,kelly: 6,kelly: 4,kelly: 4
chr2:25240353:A:T,3564781,1166001,3564781 chr2:25240353:A:T,DNMT3A,0.0013,50,Loci + SIFT/PolyPhen,1,C7D1,Trilaciclib,MidTx,DNMT3A_N757K,DNMT3A_c.2271T>A,6,1,1,1,"",0,0,0,Unknown,,FALSE,TRUE,FALSE,missense_variant,1,"kelly: 4, bick: 2",bick: 1,bick: 1,bick: 1
chr2:25240360:A:G,3330369,1128002,3330369 chr2:25240360:A:G,DNMT3A,0.0015305,59,OncoKB,1,C1D1,Trilaciclib,PreTx,DNMT3A_F755S,DNMT3A_c.2264T>C,63,59,37,37,COSV53051364,4,4,1,Likely Oncogenic,,TRUE,TRUE,FALSE,missense_variant,1,"kelly: 36, bick: 27","kelly: 35, bick: 24","kelly: 18, bick: 19","kelly: 18, bick: 19"
chr2:25240370:A:C,3410285,1165001,3410285 chr2:25240370:A:C,DNMT3A,0.002348,84.5,Near Hotspot + SIFT/PolyPhen,1,C7D1,Trilaciclib,MidTx,DNMT3A_F752V,DNMT3A_c.2254T>G,40,38,2,2,COSV53074109,2,0,0,Unknown,,FALSE,TRUE,FALSE,missense_variant,1,"kelly: 29, bick: 11","kelly: 28, bick: 10","kelly: 1, bick: 1","kelly: 1, bick: 1"
chr2:25240370:A:C,3338494,1165001,3338494 chr2:25240370:A:C,DNMT3A,0.0022215,102,Near Hotspot + SIFT/PolyPhen,1,C1D1,Trilaciclib,PreTx,DNMT3A_F752V,DNMT3A_c.2254T>G,40,38,2,2,COSV53074109,2,0,0,Unknown,,FALSE,TRUE,FALSE,missense_variant,1,"kelly: 29, bick: 11","kelly: 28, bick: 10","kelly: 1, bick: 1","kelly: 1, bick: 1"
chr2:25240379:G:A,3338460,1148003,3338460 chr2:25240379:G:A,DNMT3A,0.0012475,48,OncoKB,1,C1D1,Trilaciclib,PreTx,DNMT3A_R749C,DNMT3A_c.2245C>T,84,82,44,44,COSV53037963,15,12,10,Likely Oncogenic,,TRUE,TRUE,FALSE,missense_variant,1,"kelly: 51, bick: 33","kelly: 50, bick: 32","kelly: 23, bick: 21","kelly: 23, bick: 21"
chr2:25240402:G:T,3305766,1117004,3305766 chr2:25240402:G:T,DNMT3A,0.00692066666666667,199.666666666667,OncoKB,1,C1D1,Trilaciclib,PreTx,DNMT3A_A741E,DNMT3A_c.2222C>A,18,16,7,7,"",0,0,0,Likely Oncogenic,,TRUE,TRUE,FALSE,missense_variant,1,"kelly: 10, bick: 8","kelly: 9, bick: 7","kelly: 2, bick: 5","kelly: 2, bick: 5"
chr2:25240402:G:T,3554553,1117004,3554553 chr2:25240402:G:T,DNMT3A,0.005503,202.666666666667,OncoKB,1,C7D1,Trilaciclib,MidTx,DNMT3A_A741E,DNMT3A_c.2222C>A,18,16,7,7,"",0,0,0,Likely Oncogenic,,TRUE,TRUE,FALSE,missense_variant,1,"kelly: 10, bick: 8","kelly: 9, bick: 7","kelly: 2, bick: 5","kelly: 2, bick: 5"
chr2:25240417:C:T,3305769,1123005,3305769 chr2:25240417:C:T,DNMT3A,0.00536433333333333,181,OncoKB,1,C1D1,Placebo,PreTx,DNMT3A_R736H,DNMT3A_c.2207G>A,155,153,65,65,COSV53036512,21,18,13,Likely Oncogenic,,TRUE,TRUE,FALSE,missense_variant,2,"kelly: 106, bick: 49","kelly: 104, bick: 49","kelly: 42, bick: 23","kelly: 42, bick: 23"
chr2:25240417:C:T,3338452,1137001,3338452 chr2:25240417:C:T,DNMT3A,0.002902,65,OncoKB,1,C1D1,Placebo,PreTx,DNMT3A_R736H,DNMT3A_c.2207G>A,155,153,65,65,COSV53036512,21,18,13,Likely Oncogenic,,TRUE,TRUE,FALSE,missense_variant,2,"kelly: 106, bick: 49","kelly: 104, bick: 49","kelly: 42, bick: 23","kelly: 42, bick: 23"
chr2:25240417:C:T,3547416,1137001,3547416 chr2:25240417:C:T,DNMT3A,0.002739,96.5,OncoKB,1,C7D1,Placebo,MidTx,DNMT3A_R736H,DNMT3A_c.2207G>A,155,153,65,65,COSV53036512,21,18,13,Likely Oncogenic,,TRUE,TRUE,FALSE,missense_variant,2,"kelly: 106, bick: 49","kelly: 104, bick: 49","kelly: 42, bick: 23","kelly: 42, bick: 23"
chr2:25240417:C:T,3464986,1123005,3464986 chr2:25240417:C:T,DNMT3A,0.001917,58,OncoKB,1,C7D1,Placebo,MidTx,DNMT3A_R736H,DNMT3A_c.2207G>A,155,153,65,65,COSV53036512,21,18,13,Likely Oncogenic,,TRUE,TRUE,FALSE,missense_variant,2,"kelly: 106, bick: 49","kelly: 104, bick: 49","kelly: 42, bick: 23","kelly: 42, bick: 23"
chr2:25240418:G:A,3475467,1166001,3475467 chr2:25240418:G:A,DNMT3A,0.00964366666666667,380,OncoKB,1,C1D1,Trilaciclib,PreTx,DNMT3A_R736C,DNMT3A_c.2206C>T,155,153,71,71,COSV53038112,18,18,13,Likely Oncogenic,,TRUE,TRUE,FALSE,missense_variant,2,"kelly: 106, bick: 49","kelly: 104, bick: 49","kelly: 52, bick: 19","kelly: 52, bick: 19"
chr2:25240418:G:A,3410234,1156005,3410234 chr2:25240418:G:A,DNMT3A,0.0170676666666667,821.333333333333,OncoKB,1,C7D1,Trilaciclib,MidTx,DNMT3A_R736C,DNMT3A_c.2206C>T,155,153,71,71,COSV53038112,18,18,13,Likely Oncogenic,,TRUE,TRUE,FALSE,missense_variant,2,"kelly: 106, bick: 49","kelly: 104, bick: 49","kelly: 52, bick: 19","kelly: 52, bick: 19"
chr2:25240418:G:A,3564781,1166001,3564781 chr2:25240418:G:A,DNMT3A,0.0176856666666667,677.666666666667,OncoKB,1,C7D1,Trilaciclib,MidTx,DNMT3A_R736C,DNMT3A_c.2206C>T,155,153,71,71,COSV53038112,18,18,13,Likely Oncogenic,,TRUE,TRUE,FALSE,missense_variant,2,"kelly: 106, bick: 49","kelly: 104, bick: 49","kelly: 52, bick: 19","kelly: 52, bick: 19"
chr2:25240418:G:A,3410207,1156005,3410207 chr2:25240418:G:A,DNMT3A,0.0327193333333333,1301.33333333333,OncoKB,1,C1D1,Trilaciclib,PreTx,DNMT3A_R736C,DNMT3A_c.2206C>T,155,153,71,71,COSV53038112,18,18,13,Likely Oncogenic,,TRUE,TRUE,FALSE,missense_variant,2,"kelly: 106, bick: 49","kelly: 104, bick: 49","kelly: 52, bick: 19","kelly: 52, bick: 19"
chr2:25240421:A:G,3464986,1123005,3464986 chr2:25240421:A:G,DNMT3A,0.0012,35,Near Hotspot + SIFT/PolyPhen,1,C7D1,Placebo,MidTx,DNMT3A_Y735H,DNMT3A_c.2203T>C,144,141,1,1,"",0,0,0,Unknown,,FALSE,TRUE,FALSE,missense_variant,1,"kelly: 94, bick: 50","kelly: 91, bick: 50",bick: 1,bick: 1
chr2:25240427:C:CA,3330369,1128002,3330369 chr2:25240427:C:CA,DNMT3A,0.0012,39,Nonsense Mutation in TSG,1,C1D1,Trilaciclib,PreTx,DNMT3A_E733Ter,DNMT3A_c.2196dup,39,27,22,19,COSV53041401,8,8,8,Likely Oncogenic,,TRUE,TRUE,TRUE,frameshift_variant,1,"kelly: 31, bick: 8","kelly: 23, bick: 4","kelly: 20, bick: 2","kelly: 18, bick: 1"
chr2:25240433:A:C,3410234,1156005,3410234 chr2:25240433:A:C,DNMT3A,0.002777,112.5,OncoKB,1,C7D1,Trilaciclib,MidTx,DNMT3A_F731V,DNMT3A_c.2191T>G,35,32,5,5,COSV53067641,2,2,2,Likely Oncogenic,,TRUE,TRUE,FALSE,missense_variant,1,"kelly: 19, bick: 16","kelly: 16, bick: 16","kelly: 3, bick: 2","kelly: 3, bick: 2"
chr2:25240433:A:C,3410207,1156005,3410207 chr2:25240433:A:C,DNMT3A,0.001276,45,OncoKB,1,C1D1,Trilaciclib,PreTx,DNMT3A_F731V,DNMT3A_c.2191T>G,35,32,5,5,COSV53067641,2,2,2,Likely Oncogenic,,TRUE,TRUE,FALSE,missense_variant,1,"kelly: 19, bick: 16","kelly: 16, bick: 16","kelly: 3, bick: 2","kelly: 3, bick: 2"
chr2:25240439:G:A,3475467,1166001,3475467 chr2:25240439:G:A,DNMT3A,0.00566266666666667,203.666666666667,B/B Hotspot >= 10,1,C1D1,Trilaciclib,PreTx,DNMT3A_R729W,DNMT3A_c.2185C>T,91,91,54,53,COSV53036577,12,10,7,Inconclusive,,FALSE,TRUE,FALSE,missense_variant,1,"kelly: 55, bick: 36","kelly: 55, bick: 36","kelly: 33, bick: 21","kelly: 32, bick: 21"
chr2:25240439:G:A,3564781,1166001,3564781 chr2:25240439:G:A,DNMT3A,0.00536433333333333,176.333333333333,B/B Hotspot >= 10,1,C7D1,Trilaciclib,MidTx,DNMT3A_R729W,DNMT3A_c.2185C>T,91,91,54,53,COSV53036577,12,10,7,Inconclusive,,FALSE,TRUE,FALSE,missense_variant,1,"kelly: 55, bick: 36","kelly: 55, bick: 36","kelly: 33, bick: 21","kelly: 32, bick: 21"
chr2:25240693:C:T,3475532,1131014,3475532 chr2:25240693:C:T,DNMT3A,0.00374966666666667,87,OncoKB,1,C1D1,Trilaciclib,PreTx,DNMT3A_G707D,DNMT3A_c.2120G>A,27,26,18,18,COSV53059186,4,3,2,Likely Oncogenic,,TRUE,TRUE,FALSE,missense_variant,2,"kelly: 19, bick: 8","kelly: 19, bick: 7","kelly: 12, bick: 6","kelly: 12, bick: 6"
chr2:25240693:C:T,3547421,1111003,3547421 chr2:25240693:C:T,DNMT3A,0.0031885,66,OncoKB,1,C7D1,Trilaciclib,MidTx,DNMT3A_G707D,DNMT3A_c.2120G>A,27,26,18,18,COSV53059186,4,3,2,Likely Oncogenic,,TRUE,TRUE,FALSE,missense_variant,2,"kelly: 19, bick: 8","kelly: 19, bick: 7","kelly: 12, bick: 6","kelly: 12, bick: 6"
chr2:25240693:C:T,3564778,1131014,3564778 chr2:25240693:C:T,DNMT3A,0.0026035,40,OncoKB,1,C7D1,Trilaciclib,MidTx,DNMT3A_G707D,DNMT3A_c.2120G>A,27,26,18,18,COSV53059186,4,3,2,Likely Oncogenic,,TRUE,TRUE,FALSE,missense_variant,2,"kelly: 19, bick: 8","kelly: 19, bick: 7","kelly: 12, bick: 6","kelly: 12, bick: 6"
chr2:25240693:C:T,3410200,1111003,3410200 chr2:25240693:C:T,DNMT3A,0.002929,72.5,OncoKB,1,C1D1,Trilaciclib,PreTx,DNMT3A_G707D,DNMT3A_c.2120G>A,27,26,18,18,COSV53059186,4,3,2,Likely Oncogenic,,TRUE,TRUE,FALSE,missense_variant,2,"kelly: 19, bick: 8","kelly: 19, bick: 7","kelly: 12, bick: 6","kelly: 12, bick: 6"
chr2:25240694:C:G,3410285,1165001,3410285 chr2:25240694:C:G,DNMT3A,0.00378666666666667,113.666666666667,OncoKB,1,C7D1,Trilaciclib,MidTx,DNMT3A_G707R,DNMT3A_c.2119G>C,27,26,2,2,"",0,0,0,Likely Oncogenic,,TRUE,TRUE,FALSE,missense_variant,1,"kelly: 19, bick: 8","kelly: 19, bick: 7","kelly: 1, bick: 1","kelly: 1, bick: 1"
chr2:25240694:C:G,3338494,1165001,3338494 chr2:25240694:C:G,DNMT3A,0.003194,135.5,OncoKB,1,C1D1,Trilaciclib,PreTx,DNMT3A_G707R,DNMT3A_c.2119G>C,27,26,2,2,"",0,0,0,Likely Oncogenic,,TRUE,TRUE,FALSE,missense_variant,1,"kelly: 19, bick: 8","kelly: 19, bick: 7","kelly: 1, bick: 1","kelly: 1, bick: 1"
chr2:25240696:C:T,3564787,1131010,3564787 chr2:25240696:C:T,DNMT3A,0.0012,21,OncoKB,1,C7D1,Trilaciclib,MidTx,DNMT3A_G706E,DNMT3A_c.2117G>A,26,26,8,8,COSV99261665,1,1,1,Likely Oncogenic,,TRUE,TRUE,FALSE,missense_variant,1,"kelly: 18, bick: 8","kelly: 18, bick: 8","kelly: 5, bick: 3","kelly: 5, bick: 3"
chr2:25240696:C:T,3410205,1131010,3410205 chr2:25240696:C:T,DNMT3A,0.0019915,59.5,OncoKB,1,C1D1,Trilaciclib,PreTx,DNMT3A_G706E,DNMT3A_c.2117G>A,26,26,8,8,COSV99261665,1,1,1,Likely Oncogenic,,TRUE,TRUE,FALSE,missense_variant,1,"kelly: 18, bick: 8","kelly: 18, bick: 8","kelly: 5, bick: 3","kelly: 5, bick: 3"
chr2:25240699:A:G,3330369,1128002,3330369 chr2:25240699:A:G,DNMT3A,0.001666,55,OncoKB,1,C1D1,Trilaciclib,PreTx,DNMT3A_I705T,DNMT3A_c.2114T>C,50,38,26,26,COSV53042985,7,5,5,Likely Oncogenic,,TRUE,TRUE,FALSE,missense_variant,2,"kelly: 37, bick: 13","kelly: 29, bick: 9","kelly: 20, bick: 6","kelly: 20, bick: 6"
chr2:25240713:TG:T,3338452,1137001,3338452 chr2:25240713:TG:T,DNMT3A,0.0011965,21.5,Nonsense Mutation in TSG,1,C1D1,Placebo,PreTx,DNMT3A_P700HfsTer5,DNMT3A_c.2099del,50,2,2,2,"",0,0,0,Likely Oncogenic,,TRUE,TRUE,TRUE,frameshift_variant,1,"kelly: 31, bick: 19",kelly: 2,kelly: 2,kelly: 2
chr2:25240715:G:A,3410200,1111003,3410200 chr2:25240715:G:A,DNMT3A,0.001874,46,OncoKB,1,C1D1,Trilaciclib,PreTx,DNMT3A_P700S,DNMT3A_c.2098C>T,50,48,8,8,COSV105101433,1,0,0,Likely Oncogenic,,TRUE,TRUE,FALSE,missense_variant,1,"kelly: 31, bick: 19","kelly: 29, bick: 19","kelly: 7, bick: 1","kelly: 7, bick: 1"
chr2:25241573:T:C,3410293,1114002,3410293 chr2:25241573:T:C,DNMT3A,0.0020055,55,OncoKB,1,C7D1,Placebo,MidTx,DNMT3A_T691A,DNMT3A_c.2071A>G,11,7,0,0,"",0,0,0,Likely Oncogenic,,TRUE,TRUE,FALSE,missense_variant,1,"kelly: 7, bick: 4","kelly: 3, bick: 4","",""
chr2:25241594:C:A,3554591,1148003,3554591 chr2:25241594:C:A,DNMT3A,0.00942966666666667,112.666666666667,OncoKB,1,C7D1,Trilaciclib,MidTx,DNMT3A_V684F,DNMT3A_c.2050G>T,10,8,6,6,COSV105101345,1,0,0,Likely Oncogenic,,TRUE,TRUE,FALSE,missense_variant,1,"kelly: 7, bick: 3","kelly: 6, bick: 2","kelly: 4, bick: 2","kelly: 4, bick: 2"
chr2:25241594:C:A,3338460,1148003,3338460 chr2:25241594:C:A,DNMT3A,0.011325,187,OncoKB,1,C1D1,Trilaciclib,PreTx,DNMT3A_V684F,DNMT3A_c.2050G>T,10,8,6,6,COSV105101345,1,0,0,Likely Oncogenic,,TRUE,TRUE,FALSE,missense_variant,1,"kelly: 7, bick: 3","kelly: 6, bick: 2","kelly: 4, bick: 2","kelly: 4, bick: 2"
chr2:25241615:G:A,3475532,1131014,3475532 chr2:25241615:G:A,DNMT3A,0.003247,56,OncoKB,1,C1D1,Trilaciclib,PreTx,DNMT3A_H677Y,DNMT3A_c.2029C>T,6,2,1,1,"",0,0,0,Likely Oncogenic,,TRUE,TRUE,FALSE,missense_variant,1,"kelly: 3, bick: 3",kelly: 2,kelly: 1,kelly: 1
chr2:25241656:G:C,3475467,1166001,3475467 chr2:25241656:G:C,DNMT3A,0.001819,50,OncoKB,1,C1D1,Trilaciclib,PreTx,DNMT3A_S663W,DNMT3A_c.1988C>G,17,9,5,5,"",0,0,0,Likely Oncogenic,,TRUE,TRUE,FALSE,missense_variant,1,"kelly: 11, bick: 6","kelly: 6, bick: 3","kelly: 3, bick: 2","kelly: 3, bick: 2"
chr2:25241656:G:C,3564781,1166001,3564781 chr2:25241656:G:C,DNMT3A,0.00282066666666667,81.6666666666667,OncoKB,1,C7D1,Trilaciclib,MidTx,DNMT3A_S663W,DNMT3A_c.1988C>G,17,9,5,5,"",0,0,0,Likely Oncogenic,,TRUE,TRUE,FALSE,missense_variant,1,"kelly: 11, bick: 6","kelly: 6, bick: 3","kelly: 3, bick: 2","kelly: 3, bick: 2"
chr2:25241669:G:A,3410293,1114002,3410293 chr2:25241669:G:A,DNMT3A,0.0012,45,OncoKB,1,C7D1,Placebo,MidTx,DNMT3A_R659C,DNMT3A_c.1975C>T,20,20,0,0,COSV53065667,1,1,1,Likely Oncogenic,,TRUE,TRUE,FALSE,missense_variant,1,"kelly: 12, bick: 8","kelly: 12, bick: 8","",""
chr2:25241699:C:G,3475503,1148001,3475503 chr2:25241699:C:G,DNMT3A,0.001111,42,OncoKB,1,C7D1,Trilaciclib,MidTx,DNMT3A_V649L,DNMT3A_c.1945G>C,20,19,7,1,COSV53047274,1,1,0,Likely Oncogenic,,TRUE,TRUE,FALSE,missense_variant,1,"kelly: 16, bick: 4","kelly: 15, bick: 4","kelly: 5, bick: 2",kelly: 1
chr2:25243919:G:T,3410244,1156003,3410244 chr2:25243919:G:T,DNMT3A,0.001,45,OncoKB,1,C1D1,Trilaciclib,PreTx,DNMT3A_L639I,DNMT3A_c.1915C>A,20,17,0,0,COSV53083339,1,0,0,Likely Oncogenic,,TRUE,TRUE,FALSE,missense_variant,1,"kelly: 16, bick: 4","kelly: 14, bick: 3","",""
chr2:25243931:G:A,3410234,1156005,3410234 chr2:25243931:G:A,DNMT3A,0.00226,103,OncoKB,1,C7D1,Trilaciclib,MidTx,DNMT3A_R635W,DNMT3A_c.1903C>T,166,164,92,92,COSV53038925,27,18,16,Likely Oncogenic,,TRUE,TRUE,FALSE,missense_variant,2,"kelly: 107, bick: 59","kelly: 106, bick: 58","kelly: 61, bick: 31","kelly: 61, bick: 31"
chr2:25243931:G:A,3564781,1166001,3564781 chr2:25243931:G:A,DNMT3A,0.001062,41.5,OncoKB,1,C7D1,Trilaciclib,MidTx,DNMT3A_R635W,DNMT3A_c.1903C>T,166,164,92,92,COSV53038925,27,18,16,Likely Oncogenic,,TRUE,TRUE,FALSE,missense_variant,2,"kelly: 107, bick: 59","kelly: 106, bick: 58","kelly: 61, bick: 31","kelly: 61, bick: 31"
chr2:25243931:G:A,3410207,1156005,3410207 chr2:25243931:G:A,DNMT3A,0.0051615,217.5,OncoKB,1,C1D1,Trilaciclib,PreTx,DNMT3A_R635W,DNMT3A_c.1903C>T,166,164,92,92,COSV53038925,27,18,16,Likely Oncogenic,,TRUE,TRUE,FALSE,missense_variant,2,"kelly: 107, bick: 59","kelly: 106, bick: 58","kelly: 61, bick: 31","kelly: 61, bick: 31"
chr2:25244214:G:A,3305718,1017002,3305718 chr2:25244214:G:A,DNMT3A,0.0993966666666667,1795.33333333333,Nonsense Mutation in TSG,1,C1D1,Placebo,PreTx,DNMT3A_R598Ter,DNMT3A_c.1792C>T,41,41,40,40,COSV53039812,10,10,10,Likely Oncogenic,,TRUE,TRUE,TRUE,stop_gained,1,"kelly: 31, bick: 10","kelly: 31, bick: 10","kelly: 31, bick: 9","kelly: 31, bick: 9"
chr2:25244214:G:A,3410164,1017002,3410164 chr2:25244214:G:A,DNMT3A,0.0878623333333333,1494.66666666667,Nonsense Mutation in TSG,1,C7D1,Placebo,MidTx,DNMT3A_R598Ter,DNMT3A_c.1792C>T,41,41,40,40,COSV53039812,10,10,10,Likely Oncogenic,,TRUE,TRUE,TRUE,stop_gained,1,"kelly: 31, bick: 10","kelly: 31, bick: 10","kelly: 31, bick: 9","kelly: 31, bick: 9"
chr2:25244226:GC:G,3305721,1122002,3305721 chr2:25244226:GC:G,DNMT3A,0.0154985,200,Nonsense Mutation in TSG,1,C1D1,Trilaciclib,PreTx,DNMT3A_L594CfsTer57,DNMT3A_c.1779del,0,0,0,0,COSV53059427,2,2,2,Likely Oncogenic,,TRUE,TRUE,TRUE,frameshift_variant,1,"","","",""
chr2:25244226:GC:G,3475524,1122002,3475524 chr2:25244226:GC:G,DNMT3A,0.020681,424,Nonsense Mutation in TSG,1,C7D1,Trilaciclib,MidTx,DNMT3A_L594CfsTer57,DNMT3A_c.1779del,0,0,0,0,COSV53059427,2,2,2,Likely Oncogenic,,TRUE,TRUE,TRUE,frameshift_variant,1,"","","",""
chr2:25244248:G:T,3547421,1111003,3547421 chr2:25244248:G:T,DNMT3A,0.001,16,Nonsense Mutation in TSG,1,C7D1,Trilaciclib,MidTx,DNMT3A_C586Ter,DNMT3A_c.1758C>A,17,4,0,0,"",0,0,0,Likely Oncogenic,,TRUE,TRUE,TRUE,stop_gained,2,"kelly: 8, bick: 9","kelly: 1, bick: 3","",""
chr2:25244265:A:T,3410258,1164001,3410258 chr2:25244265:A:T,DNMT3A,0.0013175,26.5,OncoKB,1,C1D1,Trilaciclib,PreTx,DNMT3A_W581R,DNMT3A_c.1741T>A,26,11,2,0,COSV53045046,3,3,3,Likely Oncogenic,,TRUE,TRUE,FALSE,missense_variant,1,"kelly: 15, bick: 11","kelly: 6, bick: 5","kelly: 1, bick: 1",""
chr2:25244265:A:T,3410269,1164001,3410269 chr2:25244265:A:T,DNMT3A,0.001376,36.5,OncoKB,1,C7D1,Trilaciclib,MidTx,DNMT3A_W581R,DNMT3A_c.1741T>A,26,11,2,0,COSV53045046,3,3,3,Likely Oncogenic,,TRUE,TRUE,FALSE,missense_variant,1,"kelly: 15, bick: 11","kelly: 6, bick: 5","kelly: 1, bick: 1",""
chr2:25244559:C:T,3547416,1137001,3547416 chr2:25244559:C:T,DNMT3A,0.002277,58,OncoKB,1,C7D1,Placebo,MidTx,DNMT3A_G550R,DNMT3A_c.1648G>A,27,20,20,20,COSV53051072,7,7,6,Likely Oncogenic,,TRUE,TRUE,FALSE,missense_variant,1,"kelly: 14, bick: 13","kelly: 9, bick: 11","kelly: 9, bick: 11","kelly: 9, bick: 11"
chr2:25245267:A:G,3564787,1131010,3564787 chr2:25245267:A:G,DNMT3A,0.002031,44,OncoKB,1,C7D1,Trilaciclib,MidTx,DNMT3A_C514R,DNMT3A_c.1540T>C,22,14,0,0,"",0,0,0,Likely Oncogenic,,TRUE,TRUE,FALSE,missense_variant,1,"kelly: 17, bick: 5","kelly: 12, bick: 2","",""
chr2:25245267:A:T,3410234,1156005,3410234 chr2:25245267:A:T,DNMT3A,0.125621333333333,5974,OncoKB,1,C7D1,Trilaciclib,MidTx,DNMT3A_C514S,DNMT3A_c.1540T>A,22,14,2,2,"",0,0,0,Likely Oncogenic,,TRUE,TRUE,FALSE,missense_variant,1,"kelly: 17, bick: 5","kelly: 12, bick: 2",kelly: 2,kelly: 2
chr2:25245267:A:T,3410207,1156005,3410207 chr2:25245267:A:T,DNMT3A,0.084934,3771,OncoKB,1,C1D1,Trilaciclib,PreTx,DNMT3A_C514S,DNMT3A_c.1540T>A,22,14,2,2,"",0,0,0,Likely Oncogenic,,TRUE,TRUE,FALSE,missense_variant,1,"kelly: 17, bick: 5","kelly: 12, bick: 2",kelly: 2,kelly: 2
chr2:25246213:T:C,3464986,1123005,3464986 chr2:25246213:T:C,DNMT3A,0.0017185,91,Loci + SIFT/PolyPhen,1,C7D1,Placebo,MidTx,DNMT3A_K459R,DNMT3A_c.1376A>G,11,1,0,0,"",0,0,0,Unknown,,FALSE,TRUE,FALSE,missense_variant,1,"kelly: 6, bick: 5",bick: 1,"",""
chr2:25246270:C:T,3410207,1156005,3410207 chr2:25246270:C:T,DNMT3A,0.0010955,77.5,Nonsense Mutation in TSG,1,C1D1,Trilaciclib,PreTx,DNMT3A_W440Ter,DNMT3A_c.1319G>A,15,15,15,8,COSV53049674,3,1,0,Likely Oncogenic,,TRUE,TRUE,TRUE,stop_gained,1,"kelly: 10, bick: 5","kelly: 10, bick: 5","kelly: 10, bick: 5","kelly: 5, bick: 3"
chr2:25246660:G:GC,3410244,1156003,3410244 chr2:25246660:G:GC,DNMT3A,0.002443,62,Nonsense Mutation in TSG,1,C1D1,Trilaciclib,PreTx,DNMT3A_F414LfsTer7,DNMT3A_c.1238dup,31,17,15,15,COSV53050470,2,2,2,Likely Oncogenic,,TRUE,TRUE,TRUE,frameshift_variant,1,"kelly: 23, bick: 8","kelly: 16, bick: 1",kelly: 15,kelly: 15
chr2:25246662:C:G,3410302,1131005,3410302 chr2:25246662:C:G,DNMT3A,0.001663,36,Near Hotspot + SIFT/PolyPhen,1,C1D1,Placebo,PreTx,DNMT3A_G413R,DNMT3A_c.1237G>C,9,6,0,0,"",0,0,0,Unknown,,FALSE,TRUE,FALSE,missense_variant,1,"kelly: 3, bick: 6","kelly: 3, bick: 3","",""
chr2:25246662:C:G,3410290,1131005,3410290 chr2:25246662:C:G,DNMT3A,0.0012,19,Near Hotspot + SIFT/PolyPhen,1,C7D1,Placebo,MidTx,DNMT3A_G413R,DNMT3A_c.1237G>C,9,6,0,0,"",0,0,0,Unknown,,FALSE,TRUE,FALSE,missense_variant,1,"kelly: 3, bick: 6","kelly: 3, bick: 3","",""
chr2:25246674:A:G,3410173,1133002,3410173 chr2:25246674:A:G,DNMT3A,0.0025075,38.5,B/B Hotspot >= 10,1,C7D1,Trilaciclib,MidTx,DNMT3A_W409R,DNMT3A_c.1225T>C,25,10,8,6,COSV53038808,2,2,2,Unknown,,FALSE,TRUE,FALSE,missense_variant,1,"kelly: 22, bick: 3","kelly: 7, bick: 3","kelly: 5, bick: 3","kelly: 4, bick: 2"
chr2:25246772:G:A,3410261,1163005,3410261 chr2:25246772:G:A,DNMT3A,0.001621,25.5,OncoKB,1,C1D1,Trilaciclib,PreTx,DNMT3A_A376V,DNMT3A_c.1127C>T,6,6,1,1,"",0,0,0,Likely Oncogenic,,TRUE,TRUE,FALSE,missense_variant,1,"kelly: 5, bick: 1","kelly: 5, bick: 1",bick: 1,bick: 1
chr2:25247071:CT:C,3410200,1111003,3410200 chr2:25247071:CT:C,DNMT3A,0.0019205,47.5,Nonsense Mutation in TSG,1,C1D1,Trilaciclib,PreTx,DNMT3A_A368PfsTer39,DNMT3A_c.1101del,9,1,1,1,"",0,0,0,Likely Oncogenic,,TRUE,TRUE,TRUE,frameshift_variant,1,"kelly: 8, bick: 1",kelly: 1,kelly: 1,kelly: 1
chr2:25247107:G:A,3305715,1130001,3305715 chr2:25247107:G:A,DNMT3A,0.002181,49,Nonsense Mutation in TSG,1,C1D1,Trilaciclib,PreTx,DNMT3A_Q356Ter,DNMT3A_c.1066C>T,18,18,17,17,COSV53042298,3,2,2,Likely Oncogenic,,TRUE,TRUE,TRUE,stop_gained,1,"kelly: 11, bick: 7","kelly: 11, bick: 7","kelly: 10, bick: 7","kelly: 10, bick: 7"
chr2:25247107:G:A,3465009,1130001,3465009 chr2:25247107:G:A,DNMT3A,0.00246,27.5,Nonsense Mutation in TSG,1,C7D1,Trilaciclib,MidTx,DNMT3A_Q356Ter,DNMT3A_c.1066C>T,18,18,17,17,COSV53042298,3,2,2,Likely Oncogenic,,TRUE,TRUE,TRUE,stop_gained,1,"kelly: 11, bick: 7","kelly: 11, bick: 7","kelly: 10, bick: 7","kelly: 10, bick: 7"
chr2:25247142:A:T,3410258,1164001,3410258 chr2:25247142:A:T,DNMT3A,0.0011305,29.5,OncoKB,1,C1D1,Trilaciclib,PreTx,DNMT3A_L344Q,DNMT3A_c.1031T>A,29,29,8,8,COSV53055499,2,2,2,Likely Oncogenic,,TRUE,TRUE,FALSE,missense_variant,1,"kelly: 15, bick: 14","kelly: 15, bick: 14","kelly: 4, bick: 4","kelly: 4, bick: 4"
chr2:25247624:C:T,3547418,1111005,3547418 chr2:25247624:C:T,DNMT3A,0.005881,137.5,Nonsense Mutation in TSG,1,C7D1,Placebo,MidTx,DNMT3A_W327Ter,DNMT3A_c.981G>A,16,15,14,7,COSV53046208,2,1,1,Likely Oncogenic,,TRUE,TRUE,TRUE,stop_gained,1,"kelly: 13, bick: 3","kelly: 12, bick: 3","kelly: 11, bick: 3","kelly: 6, bick: 1"
chr2:25247624:C:T,3305738,1111005,3305738 chr2:25247624:C:T,DNMT3A,0.0130853333333333,300,Nonsense Mutation in TSG,1,C1D1,Placebo,PreTx,DNMT3A_W327Ter,DNMT3A_c.981G>A,16,15,14,7,COSV53046208,2,1,1,Likely Oncogenic,,TRUE,TRUE,TRUE,stop_gained,1,"kelly: 13, bick: 3","kelly: 12, bick: 3","kelly: 11, bick: 3","kelly: 6, bick: 1"
chr2:25247664:C:T,3410244,1156003,3410244 chr2:25247664:C:T,DNMT3A,0.0019885,67,Nonsense Mutation in TSG,1,C1D1,Trilaciclib,PreTx,DNMT3A_W314Ter,DNMT3A_c.941G>A,16,16,16,11,COSV53061587,2,2,2,Likely Oncogenic,,TRUE,TRUE,TRUE,stop_gained,1,"kelly: 11, bick: 5","kelly: 11, bick: 5","kelly: 11, bick: 5","kelly: 7, bick: 4"
chr2:197401986:T:C,3410293,1114002,3410293 chr2:197401986:T:C,SF3B1,0.002375,44,OncoKB,1,C7D1,Placebo,MidTx,SF3B1_K741R,SF3B1_c.2222A>G,0,0,0,0,"",0,0,0,Likely Oncogenic,,TRUE,FALSE,FALSE,missense_variant,1,"","","",""
chr20:32434553:TC:T,3475532,1131014,3475532 chr20:32434553:TC:T,ASXL1,0.0013215,243,Nonsense Mutation in TSG,1,C1D1,Trilaciclib,PreTx,ASXL1_A615QfsTer88,ASXL1_c.1842del,0,0,0,0,"",0,0,0,Likely Oncogenic,,TRUE,TRUE,TRUE,frameshift_variant,1,"","","",""
chr20:32434638:A:AG,3564783,1131013,3564783 chr20:32434638:A:AG,ASXL1,0.356199666666667,2940,Nonsense Mutation in TSG,1,C7D1,Placebo,MidTx,ASXL1_G646WfsTer12,ASXL1_c.1934dup,97,97,97,96,COSV60102155,561,522,521,Likely Oncogenic,,TRUE,TRUE,TRUE,frameshift_variant,21,"kelly: 57, bick: 40","kelly: 57, bick: 40","kelly: 57, bick: 40","kelly: 56, bick: 40"
chr20:32434638:A:AG,3564799,1131013,3564799 chr20:32434638:A:AG,ASXL1,0.363134333333333,9131.33333333333,Nonsense Mutation in TSG,1,C1D1,Placebo,PreTx,ASXL1_G646WfsTer12,ASXL1_c.1934dup,97,97,97,96,COSV60102155,561,522,521,Likely Oncogenic,,TRUE,TRUE,TRUE,frameshift_variant,21,"kelly: 57, bick: 40","kelly: 57, bick: 40","kelly: 57, bick: 40","kelly: 56, bick: 40"
chr20:32434638:A:AN,3564799,1131013,3564799 chr20:32434638:A:AN,ASXL1,0.001975,53,Nonsense Mutation in TSG,1,C1D1,Placebo,PreTx,ASXL1_NA,ASXL1_,0,0,0,0,"",0,0,0,Likely Oncogenic,,TRUE,TRUE,TRUE,frameshift_variant,1,"","","",""
chr20:32434921:GT:G,3564781,1166001,3564781 chr20:32434921:GT:G,ASXL1,0.001109,26.5,Nonsense Mutation in TSG,1,C7D1,Trilaciclib,MidTx,ASXL1_G738DfsTer6,ASXL1_c.2211del,0,0,0,0,COSV60124481,1,1,1,Likely Oncogenic,,TRUE,TRUE,TRUE,frameshift_variant,1,"","","",""
chr20:32435100:G:A,3305792,1131004,3305792 chr20:32435100:G:A,ASXL1,0.0020625,28.5,Nonsense Mutation in TSG,1,C1D1,Trilaciclib,PreTx,ASXL1_W796Ter,ASXL1_c.2388G>A,9,9,3,1,COSV60105397,5,5,5,Likely Oncogenic,,TRUE,TRUE,TRUE,stop_gained,1,"kelly: 6, bick: 3","kelly: 6, bick: 3",kelly: 3,kelly: 1
chr20:32436463:C:T,3330369,1128002,3330369 chr20:32436463:C:T,ASXL1,0.001976,63,Nonsense Mutation in TSG,1,C1D1,Trilaciclib,PreTx,ASXL1_Q1251Ter,ASXL1_c.3751C>T,0,0,0,0,COSV60122078,1,1,1,Likely Oncogenic,,TRUE,TRUE,TRUE,stop_gained,1,"","","",""
chr22:28687961:CG:C,3464986,1123005,3464986 chr22:28687961:CG:C,CHEK2,0.0044945,130,Nonsense Mutation in TSG,1,C7D1,Placebo,MidTx,CHEK2_R523VfsTer43,CHEK2_c.1567del,0,0,0,0,"",0,0,0,Likely Oncogenic,,TRUE,TRUE,TRUE,frameshift_variant,1,"","","",""
chr22:28695810:T:C,3410293,1114002,3410293 chr22:28695810:T:C,CHEK2,0.0019855,68.5,Near Hotspot + SIFT/PolyPhen,1,C7D1,Placebo,MidTx,CHEK2_T387A,CHEK2_c.1159A>G,10,10,2,2,"",0,0,0,Unknown,,FALSE,TRUE,FALSE,missense_variant,2,kelly: 10,kelly: 10,kelly: 2,kelly: 2
chr22:28695810:T:C,3554560,1148005,3554560 chr22:28695810:T:C,CHEK2,0.001915,86.5,Near Hotspot + SIFT/PolyPhen,1,C7D1,Placebo,MidTx,CHEK2_T387A,CHEK2_c.1159A>G,10,10,2,2,"",0,0,0,Unknown,,FALSE,TRUE,FALSE,missense_variant,2,kelly: 10,kelly: 10,kelly: 2,kelly: 2
chr22:28712016:C:T,3554604,1117002,3554604 chr22:28712016:C:T,CHEK2,0.001,26,Near Hotspot + SIFT/PolyPhen,1,C7D1,Trilaciclib,MidTx,CHEK2_G229S,CHEK2_c.685G>A,7,7,0,0,"",0,0,0,Unknown,,FALSE,TRUE,FALSE,missense_variant,1,kelly: 7,kelly: 7,"",""
chr22:28724993:TG:T,3465009,1130001,3465009 chr22:28724993:TG:T,CHEK2,0.001001,15,Nonsense Mutation in TSG,1,C7D1,Trilaciclib,MidTx,CHEK2_S192YfsTer2,CHEK2_c.575del,0,0,0,0,"",0,0,0,Likely Oncogenic,,TRUE,TRUE,TRUE,frameshift_variant,1,"","","",""
chr22:28725003:A:G,3305713,1133002,3305713 chr22:28725003:A:G,CHEK2,0.0017085,49.5,OncoKB,1,C1D1,Trilaciclib,PreTx,CHEK2_I189T,CHEK2_c.566T>C,0,0,0,0,"",0,0,0,Likely Oncogenic,,TRUE,TRUE,FALSE,missense_variant,1,"","","",""
chr22:28725003:A:G,3410173,1133002,3410173 chr22:28725003:A:G,CHEK2,0.0026735,63,OncoKB,1,C7D1,Trilaciclib,MidTx,CHEK2_I189T,CHEK2_c.566T>C,0,0,0,0,"",0,0,0,Likely Oncogenic,,TRUE,TRUE,FALSE,missense_variant,1,"","","",""
chr22:28725090:A:G,3410293,1114002,3410293 chr22:28725090:A:G,CHEK2,0.001161,37,B/B Hotspot >= 10,1,C7D1,Placebo,MidTx,CHEK2_I160T,CHEK2_c.479T>C,7,7,6,6,COSV105248024,1,0,0,Unknown,,FALSE,TRUE,FALSE,missense_variant,2,kelly: 7,kelly: 7,kelly: 6,kelly: 6
chr22:28725090:A:G,3475533,1156002,3475533 chr22:28725090:A:G,CHEK2,0.0011785,54,B/B Hotspot >= 10,1,C7D1,Trilaciclib,MidTx,CHEK2_I160T,CHEK2_c.479T>C,7,7,6,6,COSV105248024,1,0,0,Unknown,,FALSE,TRUE,FALSE,missense_variant,2,kelly: 7,kelly: 7,kelly: 6,kelly: 6
chr22:28725101:G:T,3410181,1156001,3410181 chr22:28725101:G:T,CHEK2,0.0255453333333333,746.666666666667,Nonsense Mutation in TSG,1,C1D1,Placebo,PreTx,CHEK2_Y156Ter,CHEK2_c.468C>A,0,0,0,0,"",0,0,0,Likely Oncogenic,,TRUE,TRUE,TRUE,stop_gained,1,"","","",""
chr22:28725101:G:T,3410249,1156001,3410249 chr22:28725101:G:T,CHEK2,0.057024,2711,Nonsense Mutation in TSG,1,C7D1,Placebo,MidTx,CHEK2_Y156Ter,CHEK2_c.468C>A,0,0,0,0,"",0,0,0,Likely Oncogenic,,TRUE,TRUE,TRUE,stop_gained,1,"","","",""
chr22:28725107:GT:G,3305713,1133002,3305713 chr22:28725107:GT:G,CHEK2,0.0016,44,Nonsense Mutation in TSG,1,C1D1,Trilaciclib,PreTx,CHEK2_N154TfsTer7,CHEK2_c.461del,0,0,0,0,"",0,0,0,Likely Oncogenic,,TRUE,TRUE,TRUE,frameshift_variant,1,"","","",""
chr22:28725278:G:A,3338484,1148001,3338484 chr22:28725278:G:A,CHEK2,0.001817,66.5,Nonsense Mutation in TSG,1,C1D1,Trilaciclib,PreTx,CHEK2_R137Ter,CHEK2_c.409C>T,0,0,0,0,COSV60418120,3,0,0,Likely Oncogenic,,TRUE,TRUE,TRUE,stop_gained,1,"","","",""
chr22:28725278:G:A,3475503,1148001,3475503 chr22:28725278:G:A,CHEK2,0.006546,339,Nonsense Mutation in TSG,1,C7D1,Trilaciclib,MidTx,CHEK2_R137Ter,CHEK2_c.409C>T,0,0,0,0,COSV60418120,3,0,0,Likely Oncogenic,,TRUE,TRUE,TRUE,stop_gained,1,"","","",""
chr22:28734439:G:A,3338489,1111001,3338489 chr22:28734439:G:A,CHEK2,0.001415,92.5,Nonsense Mutation in TSG,1,C1D1,Trilaciclib,PreTx,CHEK2_R95Ter,CHEK2_c.283C>T,7,6,6,6,COSV60421481,3,0,0,Likely Oncogenic,,TRUE,TRUE,TRUE,stop_gained,1,kelly: 7,kelly: 6,kelly: 6,kelly: 6
chr22:28734439:G:A,3547445,1111001,3547445 chr22:28734439:G:A,CHEK2,0.00538,84,Nonsense Mutation in TSG,1,C7D1,Trilaciclib,MidTx,CHEK2_R95Ter,CHEK2_c.283C>T,7,6,6,6,COSV60421481,3,0,0,Likely Oncogenic,,TRUE,TRUE,TRUE,stop_gained,1,kelly: 7,kelly: 6,kelly: 6,kelly: 6
chr22:28734538:A:AG,3305792,1131004,3305792 chr22:28734538:A:AG,CHEK2,0.0031885,18.5,Nonsense Mutation in TSG,1,C1D1,Trilaciclib,PreTx,CHEK2_S62LfsTer15,CHEK2_c.183dup,0,0,0,0,"",0,0,0,Likely Oncogenic,,TRUE,TRUE,TRUE,frameshift_variant,1,"","","",""
chr4:105234210:CA:C,3410302,1131005,3410302 chr4:105234210:CA:C,TET2,0.0011,34,Nonsense Mutation in TSG,1,C1D1,Placebo,PreTx,TET2_N91MfsTer4,TET2_c.272del,0,0,0,0,"",0,0,0,Likely Oncogenic,,TRUE,TRUE,TRUE,frameshift_variant,1,"","","",""
chr4:105234308:AC:A,3338460,1148003,3338460 chr4:105234308:AC:A,TET2,0.0012085,43,Nonsense Mutation in TSG,1,C1D1,Trilaciclib,PreTx,TET2_R123VfsTer5,TET2_c.367del,0,0,0,0,"",0,0,0,Likely Oncogenic,,TRUE,TRUE,TRUE,frameshift_variant,1,"","","",""
chr4:105234763:TC:T,3305769,1123005,3305769 chr4:105234763:TC:T,TET2,0.001014,26,Nonsense Mutation in TSG,1,C1D1,Placebo,PreTx,TET2_N275IfsTer18,TET2_c.822del,25,25,25,25,COSV54404867,21,21,17,Likely Oncogenic,,TRUE,TRUE,TRUE,frameshift_variant,1,"kelly: 12, bick: 13","kelly: 12, bick: 13","kelly: 12, bick: 13","kelly: 12, bick: 13"
chr4:105235163:T:TC,3410164,1017002,3410164 chr4:105235163:T:TC,TET2,0.00149133333333333,56.3333333333333,Nonsense Mutation in TSG,1,C7D1,Placebo,MidTx,TET2_P410SfsTer33,TET2_c.1226dup,0,0,0,0,COSV54440248,1,0,0,Likely Oncogenic,,TRUE,TRUE,TRUE,frameshift_variant,1,"","","",""
chr4:105235662:C:T,3475541,1131011,3475541 chr4:105235662:C:T,TET2,0.00169233333333333,35,Nonsense Mutation in TSG,1,C1D1,Trilaciclib,PreTx,TET2_Q574Ter,TET2_c.1720C>T,0,0,0,0,COSV99485158,3,2,2,Likely Oncogenic,,TRUE,TRUE,TRUE,stop_gained,1,"","","",""
chr4:105235778:T:TG,3410302,1131005,3410302 chr4:105235778:T:TG,TET2,0.003723,259.5,Nonsense Mutation in TSG,1,C1D1,Placebo,PreTx,TET2_L615AfsTer23,TET2_c.1842dup,0,0,0,0,COSV54405764,7,7,6,Likely Oncogenic,,TRUE,TRUE,TRUE,frameshift_variant,1,"","","",""
chr4:105235778:T:TG,3410290,1131005,3410290 chr4:105235778:T:TG,TET2,0.0022795,91,Nonsense Mutation in TSG,1,C7D1,Placebo,MidTx,TET2_L615AfsTer23,TET2_c.1842dup,0,0,0,0,COSV54405764,7,7,6,Likely Oncogenic,,TRUE,TRUE,TRUE,frameshift_variant,1,"","","",""
chr4:105235803:AC:A,3410293,1114002,3410293 chr4:105235803:AC:A,TET2,0.001743,32,Nonsense Mutation in TSG,1,C7D1,Placebo,MidTx,TET2_Q622RfsTer17,TET2_c.1864del,0,0,0,0,COSV54431261,1,1,0,Likely Oncogenic,,TRUE,TRUE,TRUE,frameshift_variant,1,"","","",""
chr4:105235920:G:GT,3305741,1114002,3305741 chr4:105235920:G:GT,TET2,0.0025945,10,Nonsense Mutation in TSG,1,C1D1,Placebo,PreTx,TET2_H661AfsTer20,TET2_c.1979dup,0,0,0,0,"",0,0,0,Likely Oncogenic,,TRUE,TRUE,TRUE,frameshift_variant,1,"","","",""
chr4:105236274:C:T,3410293,1114002,3410293 chr4:105236274:C:T,TET2,0.0012,21,Nonsense Mutation in TSG,1,C7D1,Placebo,MidTx,TET2_Q778Ter,TET2_c.2332C>T,0,0,0,0,COSV54410366,1,1,0,Likely Oncogenic,,TRUE,TRUE,TRUE,stop_gained,1,"","","",""
chr4:105236279:TA:T,3464986,1123005,3464986 chr4:105236279:TA:T,TET2,0.0011,55,Nonsense Mutation in TSG,1,C7D1,Placebo,MidTx,TET2_V781WfsTer32,TET2_c.2340del,0,0,0,0,"",0,0,0,Likely Oncogenic,,TRUE,TRUE,TRUE,frameshift_variant,1,"","","",""
chr4:105236289:GA:G,3564799,1131013,3564799 chr4:105236289:GA:G,TET2,0.00121,46,Nonsense Mutation in TSG,1,C1D1,Placebo,PreTx,TET2_E783DfsTer30,TET2_c.2349del,0,0,0,0,"",0,0,0,Likely Oncogenic,,TRUE,TRUE,TRUE,frameshift_variant,1,"","","",""
chr4:105236310:C:T,3410302,1131005,3410302 chr4:105236310:C:T,TET2,0.003098,244.5,Nonsense Mutation in TSG,1,C1D1,Placebo,PreTx,TET2_Q790Ter,TET2_c.2368C>T,0,0,0,0,COSV54407487,4,3,2,Likely Oncogenic,,TRUE,TRUE,TRUE,stop_gained,1,"","","",""
chr4:105236310:C:T,3410290,1131005,3410290 chr4:105236310:C:T,TET2,0.00242,109,Nonsense Mutation in TSG,1,C7D1,Placebo,MidTx,TET2_Q790Ter,TET2_c.2368C>T,0,0,0,0,COSV54407487,4,3,2,Likely Oncogenic,,TRUE,TRUE,TRUE,stop_gained,1,"","","",""
chr4:105236688:C:T,3338484,1148001,3338484 chr4:105236688:C:T,TET2,0.0010825,29,Nonsense Mutation in TSG,1,C1D1,Trilaciclib,PreTx,TET2_Q916Ter,TET2_c.2746C>T,19,19,17,17,COSV54396018,32,32,27,Likely Oncogenic,,TRUE,TRUE,TRUE,stop_gained,1,"kelly: 14, bick: 5","kelly: 14, bick: 5","kelly: 12, bick: 5","kelly: 12, bick: 5"
chr4:105236765:T:TC,3410207,1156005,3410207 chr4:105236765:T:TC,TET2,0.0014215,102,Nonsense Mutation in TSG,1,C1D1,Trilaciclib,PreTx,TET2_Q943PfsTer29,TET2_c.2827dup,0,0,0,0,"",0,0,0,Likely Oncogenic,,TRUE,TRUE,TRUE,frameshift_variant,1,"","","",""
chr4:105236769:C:T,3475476,1111004,3475476 chr4:105236769:C:T,TET2,0.001088,38,Nonsense Mutation in TSG,1,C7D1,Trilaciclib,MidTx,TET2_Q943Ter,TET2_c.2827C>T,0,0,0,0,COSV54395962,2,2,1,Likely Oncogenic,,TRUE,TRUE,TRUE,stop_gained,2,"","","",""
chr4:105236769:C:T,3305734,1122001,3305734 chr4:105236769:C:T,TET2,0.0023,100,Nonsense Mutation in TSG,1,C1D1,Trilaciclib,PreTx,TET2_Q943Ter,TET2_c.2827C>T,0,0,0,0,COSV54395962,2,2,1,Likely Oncogenic,,TRUE,TRUE,TRUE,stop_gained,2,"","","",""
chr4:105236950:G:A,3338452,1137001,3338452 chr4:105236950:G:A,TET2,0.001,20,Nonsense Mutation in TSG,1,C1D1,Placebo,PreTx,TET2_W1003Ter,TET2_c.3008G>A,0,0,0,0,COSV54426154,3,2,2,Likely Oncogenic,,TRUE,TRUE,TRUE,stop_gained,1,"","","",""
chr4:105237042:C:T,3410293,1114002,3410293 chr4:105237042:C:T,TET2,0.0017,11,Nonsense Mutation in TSG,1,C7D1,Placebo,MidTx,TET2_Q1034Ter,TET2_c.3100C>T,0,0,0,0,COSV54405004,2,2,1,Likely Oncogenic,,TRUE,TRUE,TRUE,stop_gained,1,"","","",""
chr4:105237159:G:T,3410300,1163006,3410300 chr4:105237159:G:T,TET2,0.0014,10,Nonsense Mutation in TSG,1,C1D1,Placebo,PreTx,TET2_E1073Ter,TET2_c.3217G>T,0,0,0,0,"",0,0,0,Likely Oncogenic,,TRUE,TRUE,TRUE,stop_gained,1,"","","",""
chr4:105241366:CT:C,3410293,1114002,3410293 chr4:105241366:CT:C,TET2,0.001613,124.5,Nonsense Mutation in TSG,1,C7D1,Placebo,MidTx,TET2_Y1148IfsTer4,TET2_c.3442del,0,0,0,0,COSV54425876,3,1,0,Likely Oncogenic,,TRUE,TRUE,TRUE,frameshift_variant,1,"","","",""
chr4:105243637:G:A,3547418,1111005,3547418 chr4:105243637:G:A,TET2,0.001058,20,B/B Hotspot >= 10,1,C7D1,Placebo,MidTx,TET2_C1221Y,TET2_c.3662G>A,14,12,8,8,COSV54411708,6,5,5,Unknown,,FALSE,TRUE,FALSE,missense_variant,2,"kelly: 10, bick: 4","kelly: 8, bick: 4","kelly: 5, bick: 3","kelly: 5, bick: 3"
chr4:105243637:G:A,3305713,1133002,3305713 chr4:105243637:G:A,TET2,0.0011,18,B/B Hotspot >= 10,1,C1D1,Trilaciclib,PreTx,TET2_C1221Y,TET2_c.3662G>A,14,12,8,8,COSV54411708,6,5,5,Unknown,,FALSE,TRUE,FALSE,missense_variant,2,"kelly: 10, bick: 4","kelly: 8, bick: 4","kelly: 5, bick: 3","kelly: 5, bick: 3"
chr4:105243637:G:A,3305738,1111005,3305738 chr4:105243637:G:A,TET2,0.0012215,23,B/B Hotspot >= 10,1,C1D1,Placebo,PreTx,TET2_C1221Y,TET2_c.3662G>A,14,12,8,8,COSV54411708,6,5,5,Unknown,,FALSE,TRUE,FALSE,missense_variant,2,"kelly: 10, bick: 4","kelly: 8, bick: 4","kelly: 5, bick: 3","kelly: 5, bick: 3"
chr4:105243637:G:A,3410173,1133002,3410173 chr4:105243637:G:A,TET2,0.00135,21.5,B/B Hotspot >= 10,1,C7D1,Trilaciclib,MidTx,TET2_C1221Y,TET2_c.3662G>A,14,12,8,8,COSV54411708,6,5,5,Unknown,,FALSE,TRUE,FALSE,missense_variant,2,"kelly: 10, bick: 4","kelly: 8, bick: 4","kelly: 5, bick: 3","kelly: 5, bick: 3"
chr4:105243757:G:A,3410302,1131005,3410302 chr4:105243757:G:A,TET2,0.001594,38,OncoKB,1,C1D1,Placebo,PreTx,TET2_R1261H,TET2_c.3782G>A,30,30,14,14,COSV54396706,16,15,10,Likely Oncogenic,,TRUE,TRUE,FALSE,missense_variant,1,"kelly: 18, bick: 12","kelly: 18, bick: 12","kelly: 9, bick: 5","kelly: 9, bick: 5"
chr4:105261816:A:T,3564799,1131013,3564799 chr4:105261816:A:T,TET2,0.001,15,Nonsense Mutation in TSG,1,C1D1,Placebo,PreTx,TET2_K1338Ter,TET2_c.4012A>T,0,0,0,0,COSV54406197,1,1,1,Likely Oncogenic,,TRUE,TRUE,TRUE,stop_gained,1,"","","",""
chr4:105261826:C:T,3305721,1122002,3305721 chr4:105261826:C:T,TET2,0.001303,26.5,Loci + SIFT/PolyPhen,1,C1D1,Trilaciclib,PreTx,TET2_A1341V,TET2_c.4022C>T,7,1,0,0,"",0,0,0,Unknown,,FALSE,TRUE,FALSE,missense_variant,2,"kelly: 3, bick: 4",kelly: 1,"",""
chr4:105269692:A:G,3410290,1131005,3410290 chr4:105269692:A:G,TET2,0.001664,26.5,Near Hotspot + SIFT/PolyPhen,1,C7D1,Placebo,MidTx,TET2_D1376G,TET2_c.4127A>G,9,7,4,4,"",0,0,0,Unknown,,FALSE,TRUE,FALSE,missense_variant,1,"kelly: 7, bick: 2","kelly: 5, bick: 2","kelly: 2, bick: 2","kelly: 2, bick: 2"
chr4:105272637:CT:C,3305741,1114002,3305741 chr4:105272637:CT:C,TET2,0.0026645,20,Nonsense Mutation in TSG,1,C1D1,Placebo,PreTx,TET2_L1420YfsTer28,TET2_c.4259del,0,0,0,0,COSV54426794,1,1,1,Likely Oncogenic,,TRUE,TRUE,TRUE,frameshift_variant,1,"","","",""
chr4:105275188:T:TA,3410181,1156001,3410181 chr4:105275188:T:TA,TET2,0.002074,21,Nonsense Mutation in TSG,1,C1D1,Placebo,PreTx,TET2_Y1560Ter,TET2_c.4679dup,0,0,0,0,COSV54406382,5,5,5,Likely Oncogenic,,TRUE,TRUE,TRUE,stop_gained,1,"","","",""
chr4:105275605:C:T,3564787,1131010,3564787 chr4:105275605:C:T,TET2,0.0286736666666667,353.333333333333,Nonsense Mutation in TSG,1,C7D1,Trilaciclib,MidTx,TET2_Q1699Ter,TET2_c.5095C>T,0,0,0,0,COSV54425310,2,2,1,Likely Oncogenic,,TRUE,TRUE,TRUE,stop_gained,1,"","","",""
chr4:105275605:C:T,3410205,1131010,3410205 chr4:105275605:C:T,TET2,0.0108565,333,Nonsense Mutation in TSG,1,C1D1,Trilaciclib,PreTx,TET2_Q1699Ter,TET2_c.5095C>T,0,0,0,0,COSV54425310,2,2,1,Likely Oncogenic,,TRUE,TRUE,TRUE,stop_gained,1,"","","",""
chr4:105275801:A:ATT,3564783,1131013,3564783 chr4:105275801:A:ATT,TET2,0.0023965,13,Nonsense Mutation in TSG,1,C7D1,Placebo,MidTx,TET2_N1765LfsTer56,TET2_c.5292_5293insTT,0,0,0,0,"",0,0,0,Likely Oncogenic,,TRUE,TRUE,TRUE,frameshift_variant,1,"","","",""
chr4:105275801:A:ATT,3564799,1131013,3564799 chr4:105275801:A:ATT,TET2,0.00865233333333333,153.666666666667,Nonsense Mutation in TSG,1,C1D1,Placebo,PreTx,TET2_N1765LfsTer56,TET2_c.5292_5293insTT,0,0,0,0,"",0,0,0,Likely Oncogenic,,TRUE,TRUE,TRUE,frameshift_variant,1,"","","",""
chr4:105275857:C:T,3410293,1114002,3410293 chr4:105275857:C:T,TET2,0.0023255,35,Nonsense Mutation in TSG,1,C7D1,Placebo,MidTx,TET2_Q1783Ter,TET2_c.5347C>T,0,0,0,0,COSV54413847,3,3,2,Likely Oncogenic,,TRUE,TRUE,TRUE,stop_gained,1,"","","",""
chr4:105276010:C:T,3305738,1111005,3305738 chr4:105276010:C:T,TET2,0.002857,50.5,Nonsense Mutation in TSG,1,C1D1,Placebo,PreTx,TET2_Q1834Ter,TET2_c.5500C>T,0,0,0,0,COSV54403784,2,1,1,Likely Oncogenic,,TRUE,TRUE,TRUE,stop_gained,1,"","","",""
chr4:105276146:A:G,3410293,1114002,3410293 chr4:105276146:A:G,TET2,0.0028,17,Near Hotspot + SIFT/PolyPhen,1,C7D1,Placebo,MidTx,TET2_E1879G,TET2_c.5636A>G,6,5,1,1,COSV54415513,1,1,0,Unknown,,FALSE,TRUE,FALSE,missense_variant,1,"kelly: 3, bick: 3","kelly: 2, bick: 3",bick: 1,bick: 1
chr4:105276203:C:T,3330369,1128002,3330369 chr4:105276203:C:T,TET2,0.0014575,91.5,OncoKB,1,C1D1,Trilaciclib,PreTx,TET2_S1898F,TET2_c.5693C>T,7,7,4,4,COSV54395934,11,11,7,Likely Oncogenic,,TRUE,TRUE,FALSE,missense_variant,1,"kelly: 4, bick: 3","kelly: 4, bick: 3","kelly: 1, bick: 3","kelly: 1, bick: 3"
chr4:105276315:TG:T,3410293,1114002,3410293 chr4:105276315:TG:T,TET2,0.0022985,7,Nonsense Mutation in TSG,1,C7D1,Placebo,MidTx,TET2_G1936AfsTer14,TET2_c.5807del,0,0,0,0,"",0,0,0,Likely Oncogenic,,TRUE,TRUE,TRUE,frameshift_variant,1,"","","",""
chr4:105276348:CA:C,3475497,1111004,3475497 chr4:105276348:CA:C,TET2,0.0016975,113,Nonsense Mutation in TSG,1,C1D1,Trilaciclib,PreTx,TET2_V1949Ter,TET2_c.5844del,0,0,0,0,COSV54399801,2,0,0,Likely Oncogenic,,TRUE,TRUE,TRUE,frameshift_variant,2,"","","",""
chr4:105276348:CA:C,3464986,1123005,3464986 chr4:105276348:CA:C,TET2,0.0019,99,Nonsense Mutation in TSG,1,C7D1,Placebo,MidTx,TET2_V1949Ter,TET2_c.5844del,0,0,0,0,COSV54399801,2,0,0,Likely Oncogenic,,TRUE,TRUE,TRUE,frameshift_variant,2,"","","",""
chr17:7673782:T:C,3475510,1113004,3475510 chr17:7673782:T:C,TP53,0.010827333,184,OncoKB,1,C7D1,Trilaciclib,MidTx,TP53_R280G,TP53_c.838A>G,13,12,7,7,COSV52662754,63,7,5,Likely Oncogenic,,TRUE,TRUE,FALSE,missense_variant,1,"kelly: 11, bick: 2","kelly: 10, bick: 2","kelly: 6, bick: 1","kelly: 6, bick: 1"
chr17:7673782:T:C,3410281,1113004,3410281 chr17:7673782:T:C,TP53,0.004747667,90.33333333,OncoKB,1,C1D1,Trilaciclib,PreTx,TP53_R280G,TP53_c.838A>G,13,12,7,7,COSV52662754,63,7,5,Likely Oncogenic,,TRUE,TRUE,FALSE,missense_variant,1,"kelly: 11, bick: 2","kelly: 10, bick: 2","kelly: 6, bick: 1","kelly: 6, bick: 1"
chr17:60663274:AAGATGTC:A,3410173,1133002,3410173 chr17:60663274:AAGATGTC:A,PPM1D,0.0014795,33,Nonsense Mutation on Exon 6,1,C7D1,Trilaciclib,MidTx,PPM1D_M515LfsTer5,PPM1D_c.1542_1548del,8,8,0,0,"",0,0,0,Unknown,,FALSE,FALSE,TRUE,frameshift_variant,1,"kelly: 7, bick: 1","kelly: 7, bick: 1","",""
chr17:60663289:GGCCAAATGAAA:G,3305715,1130001,3305715 chr17:60663289:GGCCAAATGAAA:G,PPM1D,0.0011155,24,Nonsense Mutation on Exon 6,1,C1D1,Trilaciclib,PreTx,PPM1D_Q520PfsTer4,PPM1D_c.1559_1569del,16,16,0,0,"",0,0,0,Unknown,,FALSE,FALSE,TRUE,frameshift_variant,1,"kelly: 13, bick: 3","kelly: 13, bick: 3","",""
chr17:60663289:GGCCAAATGAAA:G,3465009,1130001,3465009 chr17:60663289:GGCCAAATGAAA:G,PPM1D,0.009567,138,Nonsense Mutation on Exon 6,1,C7D1,Trilaciclib,MidTx,PPM1D_Q520PfsTer4,PPM1D_c.1559_1569del,16,16,0,0,"",0,0,0,Unknown,,FALSE,FALSE,TRUE,frameshift_variant,1,"kelly: 13, bick: 3","kelly: 13, bick: 3","",""
chr2:25234303:CAGCGG:C,3305769,1123005,3305769 chr2:25234303:CAGCGG:C,DNMT3A,0.005262,123,Nonsense Mutation in TSG,1,C1D1,Placebo,PreTx,DNMT3A_P904EfsTer15,DNMT3A_c.2710_2714del,126,0,0,0,COSV53048005,1,1,1,Likely Oncogenic,,TRUE,TRUE,TRUE,frameshift_variant,2,"kelly: 76, bick: 50","","",""
chr2:25234303:CAGCGG:C,3410293,1114002,3410293 chr2:25234303:CAGCGG:C,DNMT3A,0.001176,38.66666667,Nonsense Mutation in TSG,1,C7D1,Placebo,MidTx,DNMT3A_P904EfsTer15,DNMT3A_c.2710_2714del,126,0,0,0,COSV53048005,1,1,1,Likely Oncogenic,,TRUE,TRUE,TRUE,frameshift_variant,2,"kelly: 76, bick: 50","","",""
chr2:25234303:CAGCGG:C,3464986,1123005,3464986 chr2:25234303:CAGCGG:C,DNMT3A,0.006774,162.3333333,Nonsense Mutation in TSG,1,C7D1,Placebo,MidTx,DNMT3A_P904EfsTer15,DNMT3A_c.2710_2714del,126,0,0,0,COSV53048005,1,1,1,Likely Oncogenic,,TRUE,TRUE,TRUE,frameshift_variant,2,"kelly: 76, bick: 50","","",""
chr2:25244641:CAGAA:TAGAACTGCTTTCTGGAC,3338452,1137001,3338452 chr2:25244641:CAGAA:TAGAACTGCTTTCTGGAC,DNMT3A,0.0011,17,Nonsense Mutation in TSG,1,C1D1,Placebo,PreTx,DNMT3A_F521CfsTer29,DNMT3A_c.1562_1566delinsGTCCAGAAAGCAGTTCTA,0,0,0,0,"",0,0,0,Likely Oncogenic,,TRUE,TRUE,TRUE,frameshift_variant,1,"","","",""
chr20:32435473:TCTGTTGAG:GCTGTCAAAT,3410181,1156001,3410181 chr20:32435473:TCTGTTGAG:GCTGTCAAAT,ASXL1,0.0018,57,Nonsense Mutation in TSG,1,C1D1,Placebo,PreTx,ASXL1_S921AfsTer27,ASXL1_c.2761_2769delinsGCTGTCAAAT,0,0,0,0,"",0,0,0,Likely Oncogenic,,TRUE,TRUE,TRUE,frameshift_variant,2,"","","",""
chr20:32435473:TCTGTTGAG:GCTGTCAAAT,3305734,1122001,3305734 chr20:32435473:TCTGTTGAG:GCTGTCAAAT,ASXL1,0.0021,42,Nonsense Mutation in TSG,1,C1D1,Trilaciclib,PreTx,ASXL1_S921AfsTer27,ASXL1_c.2761_2769delinsGCTGTCAAAT,0,0,0,0,"",0,0,0,Likely Oncogenic,,TRUE,TRUE,TRUE,frameshift_variant,2,"","","",""
chr4:105236247:CAGCAAAGAGA:C,3410159,1131015,3410159 chr4:105236247:CAGCAAAGAGA:C,TET2,0.0011405,33.5,Nonsense Mutation in TSG,1,C1D1,Placebo,PreTx,TET2_Q770DfsTer40,TET2_c.2308_2317del,0,0,0,0,"",0,0,0,Likely Oncogenic,,TRUE,TRUE,TRUE,frameshift_variant,1,"","","",""
chr4:105275493:TCCA:GACTG,3410258,1164001,3410258 chr4:105275493:TCCA:GACTG,TET2,0.0011,16,Nonsense Mutation in TSG,1,C1D1,Trilaciclib,PreTx,TET2_Y1661Ter,TET2_c.4983_4986delinsGACTG,0,0,0,0,COSV99485558,2,2,1,Likely Oncogenic,,TRUE,TRUE,TRUE,stop_gained,1,"","","",""
chr4:105275520:CAGTC:TGGA,3554553,1117004,3554553 chr4:105275520:CAGTC:TGGA,TET2,0.0013,21,Nonsense Mutation in TSG,1,C7D1,Trilaciclib,MidTx,TET2_S1671GfsTer24,TET2_c.5010_5014delinsTGGA,0,0,0,0,"",0,0,0,Likely Oncogenic,,TRUE,TRUE,TRUE,frameshift_variant,1,"","","",""
