deid_key,DeID,key,Gene,Trilaciclib,Cohort,all_time_points,prepreVAF,preVAF,duringVAF,postVAF,postpostVAF,rescued,missing,called,at_limit,preAge,duringAge,postAge,postpostAge,in_cohort,DDR,Splice,DTA,Gene_Class,change_in_days,growth_rate,change_in_VAF,compare_group
10125003 chr2 25244559 C>T,10125003,chr2:25244559:C:T,DNMT3A,Trilaciclib,SCLC,FALSE,,0.0033,,0.0014,,FALSE,FALSE,TRUE,FALSE,71,,71.580424366872,,TRUE,Non-DDR,Non-Splicing,DTA,DTA,212,-0.00404457656533595,-0.0019,C1D1vsC5D1
10125003 chr22 28699885 C>T,10125003,chr22:28699885:C:T,CHEK2,Trilaciclib,SCLC,FALSE,,4e-04,,0.0013,,FALSE,FALSE,TRUE,FALSE,71,,71.580424366872,,TRUE,DDR,Non-Splicing,Non-DTA,DDR,212,0.00555969337897003,9e-04,C1D1vsC5D1
10125003 chr22 28696959 C>T,10125003,chr22:28696959:C:T,CHEK2,Trilaciclib,SCLC,FALSE,,6e-04,,0.0012,,FALSE,FALSE,TRUE,FALSE,71,,71.580424366872,,TRUE,DDR,Non-Splicing,Non-DTA,DDR,212,0.00326956217245257,6e-04,C1D1vsC5D1
10175002 chr17 7674886 A>C,10175002,chr17:7674886:A:C,TP53,Placebo,SCLC,TRUE,,0.0071,,0.023,,FALSE,FALSE,FALSE,FALSE,69,,69.2299794661191,,TRUE,DDR,Non-Splicing,Non-DTA,DDR,84,0.0139928503795462,0.0159,C1D1vsC5D1
10175002 chr17 7675086 A>T,10175002,chr17:7675086:A:T,TP53,Placebo,SCLC,TRUE,,0.0024,,0.0071,,FALSE,FALSE,FALSE,FALSE,69,,69.2299794661191,,TRUE,DDR,Non-Splicing,Non-DTA,DDR,84,0.0129122148415877,0.0047,C1D1vsC5D1
10175002 chr17 60663301 G>GCCCAAGAAATTGAAAGAACCCCTCCAACAAACTTTAAAAGGACATTAGAAGAGTC,10175002,chr17:60663301:G:GCCCAAGAAATTGAAAGAACCCCTCCAACAAACTTTAAAAGGACATTAGAAGAGTC,PPM1D,Placebo,SCLC,TRUE,,0.0013,,0.0054,,FALSE,FALSE,FALSE,FALSE,69,,69.2299794661191,,TRUE,DDR,Non-Splicing,Non-DTA,DDR,84,0.0169527939178897,0.0041,C1D1vsC5D1
10175002 chr20 32435133 TC>T,10175002,chr20:32435133:TC:T,ASXL1,Placebo,SCLC,FALSE,,0.001,,4.08463360836533e-05,,FALSE,FALSE,FALSE,TRUE,69,,69.2299794661191,,TRUE,Non-DDR,Non-Splicing,DTA,DTA,84,-0.0380706923053967,-0.000959153663916347,C1D1vsC5D1
10175002 chr17 60663448 C>T,10175002,chr17:60663448:C:T,PPM1D,Placebo,SCLC,FALSE,,3e-04,,0.0023,,FALSE,FALSE,TRUE,FALSE,69,,69.2299794661191,,TRUE,DDR,Non-Splicing,Non-DTA,DDR,84,0.0242485943721552,0.002,C1D1vsC5D1
10175002 chr22 28695815 C>T,10175002,chr22:28695815:C:T,CHEK2,Placebo,SCLC,FALSE,,4e-04,,0.0012,,FALSE,FALSE,TRUE,FALSE,69,,69.2299794661191,,TRUE,DDR,Non-Splicing,Non-DTA,DDR,84,0.0130787177222394,8e-04,C1D1vsC5D1
10175003 chr22 28699843 C>T,10175003,chr22:28699843:C:T,CHEK2,Trilaciclib,SCLC,TRUE,,0.0622,,0.1116,,FALSE,FALSE,FALSE,FALSE,74,,74.5338809034908,,TRUE,DDR,Non-Splicing,Non-DTA,DDR,195,0.00299777461642091,0.0494,C1D1vsC5D1
10175003 chr2 25239143 G>A,10175003,chr2:25239143:G:A,DNMT3A,Trilaciclib,SCLC,TRUE,,0.0276,,0.0656,,FALSE,FALSE,FALSE,FALSE,74,,74.5338809034908,,TRUE,Non-DDR,Non-Splicing,DTA,DTA,195,0.00443979447808687,0.038,C1D1vsC5D1
10175003 chr2 197402110 T>C,10175003,chr2:197402110:T:C,SF3B1,Trilaciclib,SCLC,FALSE,,0.0095,,9e-04,,FALSE,FALSE,TRUE,FALSE,74,,74.5338809034908,,TRUE,Non-DDR,Splice,Non-DTA,Splice,195,-0.0120853964834068,-0.0086,C1D1vsC5D1
10175003 chr4 105261799 T>C,10175003,chr4:105261799:T:C,TET2,Trilaciclib,SCLC,FALSE,,0.0023,,2.54803037252204e-05,,FALSE,FALSE,FALSE,TRUE,74,,74.5338809034908,,TRUE,Non-DDR,Non-Splicing,DTA,DTA,195,-0.0230910700058576,-0.00227451969627478,C1D1vsC5D1
10175003 chr2 25240313 G>A,10175003,chr2:25240313:G:A,DNMT3A,Trilaciclib,SCLC,FALSE,,0.00236998025016458,,0.000991134849402566,,TRUE,FALSE,FALSE,FALSE,74,,74.5338809034908,,TRUE,Non-DDR,Non-Splicing,DTA,DTA,195,-0.00447069898301859,-0.00137884540076201,C1D1vsC5D1
10175003 chr17 7674200 T>A,10175003,chr17:7674200:T:A,TP53,Trilaciclib,SCLC,TRUE,,0.0018,,0.0094,,FALSE,FALSE,FALSE,FALSE,74,,74.5338809034908,,TRUE,DDR,Non-Splicing,Non-DTA,DDR,195,0.00847652833012225,0.0076,C1D1vsC5D1
10175003 chr17 60663168 C>A,10175003,chr17:60663168:C:A,PPM1D,Trilaciclib,SCLC,TRUE,,0.0015,,0.0063,,FALSE,FALSE,FALSE,FALSE,74,,74.5338809034908,,TRUE,DDR,Non-Splicing,Non-DTA,DDR,195,0.00735940782199653,0.0048,C1D1vsC5D1
10175003 chr17 60663224 GCCTTGTGC>G,10175003,chr17:60663224:GCCTTGTGC:G,PPM1D,Trilaciclib,SCLC,TRUE,,0.0015,,0.0057,,FALSE,FALSE,FALSE,FALSE,74,,74.5338809034908,,TRUE,DDR,Non-Splicing,Non-DTA,DDR,195,0.0068461593165761,0.0042,C1D1vsC5D1
10175003 chr17 60663156 TG>T,10175003,chr17:60663156:TG:T,PPM1D,Trilaciclib,SCLC,TRUE,,0.0014,,0.0072,,FALSE,FALSE,FALSE,FALSE,74,,74.5338809034908,,TRUE,DDR,Non-Splicing,Non-DTA,DDR,195,0.00839799379179896,0.0058,C1D1vsC5D1
10175003 chr17 60663242 C>G,10175003,chr17:60663242:C:G,PPM1D,Trilaciclib,SCLC,TRUE,,0.0012,,0.0018,,FALSE,FALSE,FALSE,FALSE,74,,74.5338809034908,,TRUE,DDR,Non-Splicing,Non-DTA,DDR,195,0.00207930824670854,6e-04,C1D1vsC5D1
10175003 chr2 25248132 CG>C,10175003,chr2:25248132:CG:C,DNMT3A,Trilaciclib,SCLC,TRUE,,0.0011,,0.0027,,FALSE,FALSE,FALSE,FALSE,74,,74.5338809034908,,TRUE,Non-DDR,Non-Splicing,DTA,DTA,195,0.00460482868310748,0.0016,C1D1vsC5D1
10175003 chr17 60663269 AT>A,10175003,chr17:60663269:AT:A,PPM1D,Trilaciclib,SCLC,FALSE,,8e-04,,0.0044,,FALSE,FALSE,TRUE,FALSE,74,,74.5338809034908,,TRUE,DDR,Non-Splicing,Non-DTA,DDR,195,0.008742297908915,0.0036,C1D1vsC5D1
10175003 chr17 7673802 C>T,10175003,chr17:7673802:C:T,TP53,Trilaciclib,SCLC,FALSE,,0.0013,,0.0025,,FALSE,FALSE,TRUE,FALSE,74,,74.5338809034908,,TRUE,DDR,Non-Splicing,Non-DTA,DDR,195,0.00335346906362392,0.0012,C1D1vsC5D1
10175003 chr17 60663019 AG>A,10175003,chr17:60663019:AG:A,PPM1D,Trilaciclib,SCLC,FALSE,,5e-04,,0.0019,,FALSE,FALSE,TRUE,FALSE,74,,74.5338809034908,,TRUE,DDR,Non-Splicing,Non-DTA,DDR,195,0.0068461593165761,0.0014,C1D1vsC5D1
10175003 chr17 60663182 CT>C,10175003,chr17:60663182:CT:C,PPM1D,Trilaciclib,SCLC,FALSE,,5e-04,,0.0019,,FALSE,FALSE,TRUE,FALSE,74,,74.5338809034908,,TRUE,DDR,Non-Splicing,Non-DTA,DDR,195,0.0068461593165761,0.0014,C1D1vsC5D1
10175003 chr17 60663164 AT>A,10175003,chr17:60663164:AT:A,PPM1D,Trilaciclib,SCLC,FALSE,,0.000189621389292712,,0.00177133655394525,,TRUE,FALSE,FALSE,FALSE,74,,74.5338809034908,,TRUE,DDR,Non-Splicing,Non-DTA,DDR,195,0.0114587705623169,0.00158171516465254,C1D1vsC5D1
10175003 chr17 7674935 C>T,10175003,chr17:7674935:C:T,TP53,Trilaciclib,SCLC,FALSE,,5.28485360955502e-05,,0.0015,,FALSE,FALSE,FALSE,TRUE,74,,74.5338809034908,,TRUE,DDR,Non-Splicing,Non-DTA,DDR,195,0.0171578993558483,0.00144715146390445,C1D1vsC5D1
10175003 chr17 60663448 C>T,10175003,chr17:60663448:C:T,PPM1D,Trilaciclib,SCLC,FALSE,,9e-04,,0.0012,,FALSE,FALSE,TRUE,FALSE,74,,74.5338809034908,,TRUE,DDR,Non-Splicing,Non-DTA,DDR,195,0.0014752926792399,3e-04,C1D1vsC5D1
10175003 chr17 60663092 CA>C,10175003,chr17:60663092:CA:C,PPM1D,Trilaciclib,SCLC,FALSE,,0.000141023833027782,,0.00110780712494898,,TRUE,FALSE,FALSE,FALSE,74,,74.5338809034908,,TRUE,DDR,Non-Splicing,Non-DTA,DDR,195,0.0105703019104531,0.000966783291921198,C1D1vsC5D1
10175003 chr17 60663325 CCA>C,10175003,chr17:60663325:CCA:C,PPM1D,Trilaciclib,SCLC,TRUE,,3e-04,,0.001,,FALSE,FALSE,FALSE,FALSE,74,,74.5338809034908,,TRUE,DDR,Non-Splicing,Non-DTA,DDR,195,0.00617421950936378,7e-04,C1D1vsC5D1
10175003 chr2 25239181 G>A,10175003,chr2:25239181:G:A,DNMT3A,Trilaciclib,SCLC,FALSE,,3e-04,,0.001,,FALSE,FALSE,TRUE,FALSE,74,,74.5338809034908,,TRUE,Non-DDR,Non-Splicing,DTA,DTA,195,0.00617421950936378,7e-04,C1D1vsC5D1
1020003 chr2 25234374 G>T,1020003,chr2:25234374:G:T,DNMT3A,Trilaciclib,SCLC,FALSE,,0.003,,0.0028,,FALSE,FALSE,TRUE,FALSE,54,,54.2464065708419,,TRUE,Non-DDR,Non-Splicing,DTA,DTA,90,-0.000766587460966127,-2e-04,C1D1vsC5D1
1020003 chr17 60663014 G>A,1020003,chr17:60663014:G:A,PPM1D,Trilaciclib,SCLC,FALSE,,3.32823004726087e-05,,0.0014,,FALSE,FALSE,FALSE,TRUE,54,,54.2464065708419,,TRUE,DDR,Non-Splicing,Non-DTA,DDR,90,0.041546686414016,0.00136671769952739,C1D1vsC5D1
1030005 chr2 25246744 C>CG,1030005,chr2:25246744:C:CG,DNMT3A,Trilaciclib,SCLC,TRUE,,0.0082,,0.0076,,FALSE,FALSE,FALSE,FALSE,61,,61.2299794661191,,TRUE,Non-DDR,Non-Splicing,DTA,DTA,84,-0.000904594130689549,-0.000600000000000001,C1D1vsC5D1
1030005 chr2 25239143 G>C,1030005,chr2:25239143:G:C,DNMT3A,Trilaciclib,SCLC,FALSE,,0.0011,,0.0025,,FALSE,FALSE,TRUE,FALSE,61,,61.2299794661191,,TRUE,Non-DDR,Non-Splicing,DTA,DTA,84,0.00977357800083131,0.0014,C1D1vsC5D1
10305005 chr17 7675185 C>T,10305005,chr17:7675185:C:T,TP53,Placebo,SCLC,TRUE,,0.0505,,0.1591,,FALSE,FALSE,FALSE,FALSE,78,,78.5420944558522,,TRUE,DDR,Non-Splicing,Non-DTA,DDR,198,0.00579575555082034,0.1086,C1D1vsC5D1
10305005 chr22 28734439 G>A,10305005,chr22:28734439:G:A,CHEK2,Placebo,SCLC,TRUE,,0.0068,,0.0212,,FALSE,FALSE,FALSE,FALSE,78,,78.5420944558522,,TRUE,DDR,Non-Splicing,Non-DTA,DDR,198,0.00574282105806013,0.0144,C1D1vsC5D1
10305005 chr4 105269665 C>T,10305005,chr4:105269665:C:T,TET2,Placebo,SCLC,TRUE,,0.0063,,0.0022,,FALSE,FALSE,FALSE,FALSE,78,,78.5420944558522,,TRUE,Non-DDR,Non-Splicing,DTA,DTA,198,-0.0053135973385516,-0.0041,C1D1vsC5D1
10305005 chr2 25240360 A>G,10305005,chr2:25240360:A:G,DNMT3A,Placebo,SCLC,TRUE,,0.0054,,0.0024,,FALSE,FALSE,FALSE,FALSE,78,,78.5420944558522,,TRUE,Non-DDR,Non-Splicing,DTA,DTA,198,-0.00409560715260772,-0.003,C1D1vsC5D1
10305005 chr2 25240313 G>A,10305005,chr2:25240313:G:A,DNMT3A,Placebo,SCLC,TRUE,,0.0035,,0.003,,FALSE,FALSE,FALSE,FALSE,78,,78.5420944558522,,TRUE,Non-DDR,Non-Splicing,DTA,DTA,198,-0.000778538787006355,-5e-04,C1D1vsC5D1
10305005 chr2 25239159 G>T,10305005,chr2:25239159:G:T,DNMT3A,Placebo,SCLC,FALSE,,0.0027,,3e-04,,FALSE,FALSE,TRUE,FALSE,78,,78.5420944558522,,TRUE,Non-DDR,Non-Splicing,DTA,DTA,198,-0.0110970938249304,-0.0024,C1D1vsC5D1
10305005 chr2 25246656 G>A,10305005,chr2:25246656:G:A,DNMT3A,Placebo,SCLC,TRUE,,0.0027,,0.0018,,FALSE,FALSE,FALSE,FALSE,78,,78.5420944558522,,TRUE,Non-DDR,Non-Splicing,DTA,DTA,198,-0.00204780357630386,-9e-04,C1D1vsC5D1
10305005 chr2 25245264 G>A,10305005,chr2:25245264:G:A,DNMT3A,Placebo,SCLC,FALSE,,0.0023,,8e-04,,FALSE,FALSE,TRUE,FALSE,78,,78.5420944558522,,TRUE,Non-DDR,Non-Splicing,DTA,DTA,198,-0.00533359936489552,-0.0015,C1D1vsC5D1
10305005 chr2 25246671 C>G,10305005,chr2:25246671:C:G,DNMT3A,Placebo,SCLC,TRUE,,0.002,,0.0017,,FALSE,FALSE,FALSE,FALSE,78,,78.5420944558522,,TRUE,Non-DDR,Non-Splicing,DTA,DTA,198,-0.000820802674231187,-3e-04,C1D1vsC5D1
10305005 chr17 60663181 AC>A,10305005,chr17:60663181:AC:A,PPM1D,Placebo,SCLC,TRUE,,0.0016,,0.0131,,FALSE,FALSE,FALSE,FALSE,78,,78.5420944558522,,TRUE,DDR,Non-Splicing,Non-DTA,DDR,198,0.0106192353583908,0.0115,C1D1vsC5D1
10305005 chr17 60663168 C>A,10305005,chr17:60663168:C:A,PPM1D,Placebo,SCLC,TRUE,,0.0016,,0.0165,,FALSE,FALSE,FALSE,FALSE,78,,78.5420944558522,,TRUE,DDR,Non-Splicing,Non-DTA,DDR,198,0.0117846300588929,0.0149,C1D1vsC5D1
10305005 chr17 7673802 C>T,10305005,chr17:7673802:C:T,TP53,Placebo,SCLC,FALSE,,7e-04,,0.0047,,FALSE,FALSE,TRUE,FALSE,78,,78.5420944558522,,TRUE,DDR,Non-Splicing,Non-DTA,DDR,198,0.00961736087199366,0.004,C1D1vsC5D1
10305005 chr17 7674250 C>T,10305005,chr17:7674250:C:T,TP53,Placebo,SCLC,FALSE,,8e-04,,0.002,,FALSE,FALSE,TRUE,FALSE,78,,78.5420944558522,,TRUE,DDR,Non-Splicing,Non-DTA,DDR,198,0.00462773096906139,0.0012,C1D1vsC5D1
10305005 chr17 60663274 A>T,10305005,chr17:60663274:A:T,PPM1D,Placebo,SCLC,FALSE,,3.3559299281831e-05,,0.0015,,FALSE,FALSE,FALSE,TRUE,78,,78.5420944558522,,TRUE,DDR,Non-Splicing,Non-DTA,DDR,198,0.0191914463902693,0.00146644070071817,C1D1vsC5D1
10305005 chr17 60663475 C>T,10305005,chr17:60663475:C:T,PPM1D,Placebo,SCLC,FALSE,,4.26548370585224e-05,,0.0015,,FALSE,FALSE,FALSE,TRUE,78,,78.5420944558522,,TRUE,DDR,Non-Splicing,Non-DTA,DDR,198,0.0179802005390018,0.00145734516294148,C1D1vsC5D1
10305007 chr2 25240352 C>T,10305007,chr2:25240352:C:T,DNMT3A,Placebo,SCLC,TRUE,,0.0031,,0.0039,,FALSE,FALSE,FALSE,FALSE,64,,64.5147159479808,,TRUE,Non-DDR,Non-Splicing,DTA,DTA,188,0.00122114064704521,8e-04,C1D1vsC5D1
10315001 chr2 25247696 G>C,10315001,chr2:25247696:G:C,DNMT3A,Placebo,SCLC,TRUE,,0.0052,,0.0048,,FALSE,FALSE,FALSE,FALSE,68,,68.517453798768,,TRUE,Non-DDR,Non-Splicing,DTA,DTA,189,-0.000423506389807071,-4e-04,C1D1vsC5D1
10315001 chr2 25241582 G>C,10315001,chr2:25241582:G:C,DNMT3A,Placebo,SCLC,TRUE,,0.0042,,0.0034,,FALSE,FALSE,FALSE,FALSE,68,,68.517453798768,,TRUE,Non-DDR,Non-Splicing,DTA,DTA,189,-0.00111803753263072,-8e-04,C1D1vsC5D1
10315001 chr4 105235872 C>T,10315001,chr4:105235872:C:T,TET2,Placebo,SCLC,TRUE,,0.0022,,0.0014,,FALSE,FALSE,FALSE,FALSE,68,,68.517453798768,,TRUE,Non-DDR,Non-Splicing,DTA,DTA,189,-0.0023914556811802,-8e-04,C1D1vsC5D1
10315001 chr22 28696959 C>T,10315001,chr22:28696959:C:T,CHEK2,Placebo,SCLC,TRUE,,0.0016,,0.0013,,FALSE,FALSE,FALSE,FALSE,68,,68.517453798768,,TRUE,DDR,Non-Splicing,Non-DTA,DDR,189,-0.00109862097766267,-3e-04,C1D1vsC5D1
10315001 chr2 25248216 C>CA,10315001,chr2:25248216:C:CA,DNMT3A,Placebo,SCLC,TRUE,,0.0013,,0.0024,,FALSE,FALSE,FALSE,FALSE,68,,68.517453798768,,TRUE,Non-DDR,Non-Splicing,DTA,DTA,189,0.003243939009981,0.0011,C1D1vsC5D1
1040005 chr2 25241675 C>T,1040005,chr2:25241675:C:T,DNMT3A,Placebo,SCLC,TRUE,,0.0134,,0.0284,,FALSE,FALSE,FALSE,FALSE,69,,69.249144421629,,TRUE,Non-DDR,Non-Splicing,DTA,DTA,91,0.00825422459571752,0.015,C1D1vsC5D1
1040005 chr4 105259615 TCAGG>T,1040005,chr4:105259615:TCAGG:T,TET2,Placebo,SCLC,TRUE,,0.0128,,0.0018,,FALSE,FALSE,FALSE,FALSE,69,,69.249144421629,,TRUE,Non-DDR,Non-Splicing,DTA,DTA,91,-0.0215566868793786,-0.011,C1D1vsC5D1
1040005 chr2 25244152 CACAAATT>C,1040005,chr2:25244152:CACAAATT:C,DNMT3A,Placebo,SCLC,TRUE,,0.0048,,0.0068,,FALSE,FALSE,FALSE,FALSE,69,,69.249144421629,,TRUE,Non-DDR,Non-Splicing,DTA,DTA,91,0.00382754609085951,0.002,C1D1vsC5D1
1040005 chr2 25246178 TA>T,1040005,chr2:25246178:TA:T,DNMT3A,Placebo,SCLC,TRUE,,0.0044,,0.0045,,FALSE,FALSE,FALSE,FALSE,69,,69.249144421629,,TRUE,Non-DDR,Non-Splicing,DTA,DTA,91,0.000246954459912729,9.99999999999994e-05,C1D1vsC5D1
1040005 chr20 32434493 G>GC,1040005,chr20:32434493:G:GC,ASXL1,Placebo,SCLC,TRUE,,0.0013,,0.0018,,FALSE,FALSE,FALSE,FALSE,69,,69.249144421629,,TRUE,Non-DDR,Non-Splicing,DTA,DTA,91,0.00357607033444646,5e-04,C1D1vsC5D1
1040005 chr2 25244248 G>T,1040005,chr2:25244248:G:T,DNMT3A,Placebo,SCLC,FALSE,,0.0017,,0.002,,FALSE,FALSE,TRUE,FALSE,69,,69.249144421629,,TRUE,Non-DDR,Non-Splicing,DTA,DTA,91,0.00178592230217335,3e-04,C1D1vsC5D1
1040005 chr17 7674226 A>T,1040005,chr17:7674226:A:T,TP53,Placebo,SCLC,FALSE,,4e-04,,0.0016,,FALSE,FALSE,TRUE,FALSE,69,,69.249144421629,,TRUE,DDR,Non-Splicing,Non-DTA,DDR,91,0.0152340039683504,0.0012,C1D1vsC5D1
1040005 chr2 25248090 CG>C,1040005,chr2:25248090:CG:C,DNMT3A,Placebo,SCLC,FALSE,,4e-04,,0.0013,,FALSE,FALSE,TRUE,FALSE,69,,69.249144421629,,TRUE,Non-DDR,Non-Splicing,DTA,DTA,91,0.0129522527070511,9e-04,C1D1vsC5D1
1090002 chr2 25235738 C>A,1090002,chr2:25235738:C:A,DNMT3A,Trilaciclib,SCLC,FALSE,,0.00300350408810279,,0.00189966931682263,,TRUE,FALSE,FALSE,FALSE,66,,66.2299794661191,,TRUE,Non-DDR,Non-Splicing,DTA,DTA,84,-0.0054535691568174,-0.00110383477128016,C1D1vsC5D1
1090002 chr20 32435124 ACCCACCGTTCCTGCAGACAATGGTCCCAT>A,1090002,chr20:32435124:ACCCACCGTTCCTGCAGACAATGGTCCCAT:A,ASXL1,Trilaciclib,SCLC,FALSE,,0.0016,,0.0011,,FALSE,FALSE,TRUE,FALSE,66,,66.2299794661191,,TRUE,Non-DDR,Non-Splicing,DTA,DTA,84,-0.00446063630287394,-5e-04,C1D1vsC5D1
1090002 chr4 105234882 TG>T,1090002,chr4:105234882:TG:T,TET2,Trilaciclib,SCLC,FALSE,,0.001,,0.0016,,FALSE,FALSE,TRUE,FALSE,66,,66.2299794661191,,TRUE,Non-DDR,Non-Splicing,DTA,DTA,84,0.00559528130054447,6e-04,C1D1vsC5D1
1090002 chr17 60663164 AT>A,1090002,chr17:60663164:AT:A,PPM1D,Trilaciclib,SCLC,TRUE,,5e-04,,0.001,,FALSE,FALSE,FALSE,FALSE,66,,66.2299794661191,,TRUE,DDR,Non-Splicing,Non-DTA,DDR,84,0.00825175214952316,5e-04,C1D1vsC5D1
1100003 chr4 105275866 G>T,1100003,chr4:105275866:G:T,TET2,Placebo,SCLC,TRUE,,0.0013,,0.0018,,FALSE,FALSE,FALSE,FALSE,73,,73.2299794661191,,TRUE,Non-DDR,Non-Splicing,DTA,DTA,84,0.00387407619565033,5e-04,C1D1vsC5D1
1100003 chr2 25240696 C>T,1100003,chr2:25240696:C:T,DNMT3A,Placebo,SCLC,FALSE,,0.001,,6e-04,,FALSE,FALSE,TRUE,FALSE,73,,73.2299794661191,,TRUE,Non-DDR,Non-Splicing,DTA,DTA,84,-0.0060812574257856,-4e-04,C1D1vsC5D1
1100003 chr22 28734424 G>A,1100003,chr22:28734424:G:A,CHEK2,Placebo,SCLC,FALSE,,8e-04,,0.0027,,FALSE,FALSE,TRUE,FALSE,73,,73.2299794661191,,TRUE,DDR,Non-Splicing,Non-DTA,DDR,84,0.0144808967181487,0.0019,C1D1vsC5D1
1100003 chr17 60663388 C>T,1100003,chr17:60663388:C:T,PPM1D,Placebo,SCLC,FALSE,,6e-04,,0.002,,FALSE,FALSE,TRUE,FALSE,73,,73.2299794661191,,TRUE,DDR,Non-Splicing,Non-DTA,DDR,84,0.0143330095753088,0.0014,C1D1vsC5D1
1100003 chr17 7674250 C>G,1100003,chr17:7674250:C:G,TP53,Placebo,SCLC,FALSE,,0.00128400609902897,,0.00139948219158911,,TRUE,FALSE,FALSE,FALSE,73,,73.2299794661191,,TRUE,DDR,Non-Splicing,Non-DTA,DDR,84,0.00102520654494383,0.00011547609256014,C1D1vsC5D1
1180001 chr2 25234373 C>A,1180001,chr2:25234373:C:A,DNMT3A,Trilaciclib,SCLC,TRUE,,0.035,,0.0185,,FALSE,FALSE,FALSE,FALSE,69,,69.2299794661191,,TRUE,Non-DDR,Non-Splicing,DTA,DTA,84,-0.00759020630244208,-0.0165,C1D1vsC5D1
1180001 chr2 25240420 T>C,1180001,chr2:25240420:T:C,DNMT3A,Trilaciclib,SCLC,TRUE,,0.0038,,0.0033,,FALSE,FALSE,FALSE,FALSE,69,,69.2299794661191,,TRUE,Non-DDR,Non-Splicing,DTA,DTA,84,-0.00167950712214173,-5e-04,C1D1vsC5D1
1180001 chr4 105276088 G>C,1180001,chr4:105276088:G:C,TET2,Trilaciclib,SCLC,TRUE,,0.0035,,0.0041,,FALSE,FALSE,FALSE,FALSE,69,,69.2299794661191,,TRUE,Non-DDR,Non-Splicing,DTA,DTA,84,0.00188361910970112,6e-04,C1D1vsC5D1
1180001 chr4 105236781 C>T,1180001,chr4:105236781:C:T,TET2,Trilaciclib,SCLC,FALSE,,0.0014,,1.75574127396587e-05,,FALSE,FALSE,FALSE,TRUE,69,,69.2299794661191,,TRUE,Non-DDR,Non-Splicing,DTA,DTA,84,-0.0521279913873805,-0.00138244258726034,C1D1vsC5D1
1180001 chr4 105272637 C>G,1180001,chr4:105272637:C:G,TET2,Trilaciclib,SCLC,FALSE,,0.0025,,0.0016,,FALSE,FALSE,TRUE,FALSE,69,,69.2299794661191,,TRUE,Non-DDR,Non-Splicing,DTA,DTA,84,-0.00531294169795738,-9e-04,C1D1vsC5D1
12125001 chr17 7674872 T>C,12125001,chr17:7674872:T:C,TP53,Trilaciclib,SCLC,TRUE,,0.0708,,0.1481,,FALSE,FALSE,FALSE,FALSE,75,,75.4818617385352,,TRUE,DDR,Non-Splicing,Non-DTA,DDR,176,0.00419334500326181,0.0773,C1D1vsC5D1
12125001 chr2 25241665 TAGCGGTCCACCTGA>T,12125001,chr2:25241665:TAGCGGTCCACCTGA:T,DNMT3A,Trilaciclib,SCLC,TRUE,,0.0512,,0.0377,,FALSE,FALSE,FALSE,FALSE,75,,75.4818617385352,,TRUE,Non-DDR,Non-Splicing,DTA,DTA,176,-0.00173908771358805,-0.0135,C1D1vsC5D1
12125001 chr22 28699843 C>T,12125001,chr22:28699843:C:T,CHEK2,Trilaciclib,SCLC,TRUE,,0.0083,,0.0133,,FALSE,FALSE,FALSE,FALSE,75,,75.4818617385352,,TRUE,DDR,Non-Splicing,Non-DTA,DDR,176,0.00267902568423384,0.005,C1D1vsC5D1
12125001 chr2 25239145 A>G,12125001,chr2:25239145:A:G,DNMT3A,Trilaciclib,SCLC,TRUE,,0.0069,,0.0068,,FALSE,FALSE,FALSE,FALSE,75,,75.4818617385352,,TRUE,Non-DDR,Non-Splicing,DTA,DTA,176,-8.29477239838225e-05,-1e-04,C1D1vsC5D1
12125001 chr2 25241591 C>T,12125001,chr2:25241591:C:T,DNMT3A,Trilaciclib,SCLC,TRUE,,0.0064,,0.0072,,FALSE,FALSE,FALSE,FALSE,75,,75.4818617385352,,TRUE,Non-DDR,Non-Splicing,DTA,DTA,176,0.000669221793502179,8e-04,C1D1vsC5D1
12125001 chr2 25241593 AC>A,12125001,chr2:25241593:AC:A,DNMT3A,Trilaciclib,SCLC,TRUE,,0.0054,,0.0053,,FALSE,FALSE,FALSE,FALSE,75,,75.4818617385352,,TRUE,Non-DDR,Non-Splicing,DTA,DTA,176,-0.000106205301205413,-1e-04,C1D1vsC5D1
12125001 chr2 25244297 C>T,12125001,chr2:25244297:C:T,DNMT3A,Trilaciclib,SCLC,TRUE,,0.0038,,0.0022,,FALSE,FALSE,FALSE,FALSE,75,,75.4818617385352,,TRUE,Non-DDR,Non-Splicing,DTA,DTA,176,-0.0031053619680004,-0.0016,C1D1vsC5D1
12125001 chr2 25247615 C>T,12125001,chr2:25247615:C:T,DNMT3A,Trilaciclib,SCLC,TRUE,,0.0027,,0.0038,,FALSE,FALSE,FALSE,FALSE,75,,75.4818617385352,,TRUE,Non-DDR,Non-Splicing,DTA,DTA,176,0.0019417573506935,0.0011,C1D1vsC5D1
12125001 chr2 25247610 C>T,12125001,chr2:25247610:C:T,DNMT3A,Trilaciclib,SCLC,FALSE,,0.0019,,0.001,,FALSE,FALSE,TRUE,FALSE,75,,75.4818617385352,,TRUE,Non-DDR,Non-Splicing,DTA,DTA,176,-0.00364689708052497,-9e-04,C1D1vsC5D1
12125001 chr2 25240304 C>A,12125001,chr2:25240304:C:A,DNMT3A,Trilaciclib,SCLC,FALSE,,0.00146177459435755,,0.000700166962891151,,TRUE,FALSE,FALSE,FALSE,75,,75.4818617385352,,TRUE,Non-DDR,Non-Splicing,DTA,DTA,176,-0.00418231606351694,-0.000761607631466399,C1D1vsC5D1
12125001 chr2 25235726 A>G,12125001,chr2:25235726:A:G,DNMT3A,Trilaciclib,SCLC,FALSE,,0.0019,,0.0021,,FALSE,FALSE,TRUE,FALSE,75,,75.4818617385352,,TRUE,Non-DDR,Non-Splicing,DTA,DTA,176,0.000568656014528309,2e-04,C1D1vsC5D1
12125001 chr17 7675208 C>T,12125001,chr17:7675208:C:T,TP53,Trilaciclib,SCLC,FALSE,,0.0012,,0.0014,,FALSE,FALSE,TRUE,FALSE,75,,75.4818617385352,,TRUE,DDR,Non-Splicing,Non-DTA,DDR,176,0.00087585613538215,2e-04,C1D1vsC5D1
12125001 chr22 28696959 C>T,12125001,chr22:28696959:C:T,CHEK2,Trilaciclib,SCLC,FALSE,,9e-04,,0.0012,,FALSE,FALSE,TRUE,FALSE,75,,75.4818617385352,,TRUE,DDR,Non-Splicing,Non-DTA,DDR,176,0.00163455722983966,3e-04,C1D1vsC5D1
12125001 chr17 60663124 GT>G,12125001,chr17:60663124:GT:G,PPM1D,Trilaciclib,SCLC,FALSE,,0.000332460624194822,,0.00112785809494515,,TRUE,FALSE,FALSE,FALSE,75,,75.4818617385352,,TRUE,DDR,Non-Splicing,Non-DTA,DDR,176,0.0069406488192134,0.000795397470750328,C1D1vsC5D1
12125001 chr17 7674250 C>A,12125001,chr17:7674250:C:A,TP53,Trilaciclib,SCLC,FALSE,,4e-04,,0.0011,,FALSE,FALSE,TRUE,FALSE,75,,75.4818617385352,,TRUE,DDR,Non-Splicing,Non-DTA,DDR,176,0.00574773245271864,7e-04,C1D1vsC5D1
12125001 chr17 60663125 TA>G,12125001,chr17:60663125:TA:G,PPM1D,Trilaciclib,SCLC,TRUE,,3e-04,,0.0011,,FALSE,FALSE,FALSE,FALSE,75,,75.4818617385352,,TRUE,DDR,Non-Splicing,Non-DTA,DDR,176,0.0073822896825583,8e-04,C1D1vsC5D1
12125001 chr2 25240322 C>A,12125001,chr2:25240322:C:A,DNMT3A,Trilaciclib,SCLC,FALSE,,2e-04,,0.001,,FALSE,FALSE,TRUE,FALSE,75,,75.4818617385352,,TRUE,Non-DDR,Non-Splicing,DTA,DTA,176,0.00914453359337557,8e-04,C1D1vsC5D1
12125001 chr4 105235878 ACAGT>A,12125001,chr4:105235878:ACAGT:A,TET2,Trilaciclib,SCLC,FALSE,,0.00030511060259344,,0.000924477314748969,,TRUE,FALSE,FALSE,FALSE,75,,75.4818617385352,,TRUE,Non-DDR,Non-Splicing,DTA,DTA,176,0.00629860324056981,0.000619366712155529,C1D1vsC5D1
12155003 chr22 28725090 A>G,12155003,chr22:28725090:A:G,CHEK2,Placebo,SCLC,TRUE,,0.0269,,0.0162,,FALSE,FALSE,FALSE,FALSE,66,,66.3093771389459,,TRUE,DDR,Non-Splicing,Non-DTA,DDR,113,-0.0044877437554819,-0.0107,C1D1vsC5D1
12155003 chr17 60663071 C>G,12155003,chr17:60663071:C:G,PPM1D,Placebo,SCLC,TRUE,,0.0027,,0.0772,,FALSE,FALSE,FALSE,FALSE,66,,66.3093771389459,,TRUE,DDR,Non-Splicing,Non-DTA,DDR,113,0.0296738733099155,0.0745,C1D1vsC5D1
12155003 chr17 60663144 TC>T,12155003,chr17:60663144:TC:T,PPM1D,Placebo,SCLC,TRUE,,0.0016,,0.0274,,FALSE,FALSE,FALSE,FALSE,66,,66.3093771389459,,TRUE,DDR,Non-Splicing,Non-DTA,DDR,113,0.0251375166738787,0.0258,C1D1vsC5D1
12155003 chr17 60663262 CA>C,12155003,chr17:60663262:CA:C,PPM1D,Placebo,SCLC,FALSE,,0.0043,,0.0253,,FALSE,FALSE,TRUE,FALSE,66,,66.3093771389459,,TRUE,DDR,Non-Splicing,Non-DTA,DDR,113,0.0156830917967607,0.021,C1D1vsC5D1
12155003 chr17 7675217 T>C,12155003,chr17:7675217:T:C,TP53,Placebo,SCLC,FALSE,,0.0018,,0.0121,,FALSE,FALSE,TRUE,FALSE,66,,66.3093771389459,,TRUE,DDR,Non-Splicing,Non-DTA,DDR,113,0.0168621131654918,0.0103,C1D1vsC5D1
12155003 chr17 60663136 TCAAAAGATCCAGAACCACTTGAAG>T,12155003,chr17:60663136:TCAAAAGATCCAGAACCACTTGAAG:T,PPM1D,Placebo,SCLC,FALSE,,7.64233855559801e-05,,0.00856597347644357,,TRUE,FALSE,FALSE,FALSE,66,,66.3093771389459,,TRUE,DDR,Non-Splicing,Non-DTA,DDR,113,0.0417634010512791,0.00848955009088759,C1D1vsC5D1
12155003 chr17 60663388 C>T,12155003,chr17:60663388:C:T,PPM1D,Placebo,SCLC,FALSE,,6e-04,,0.0039,,FALSE,FALSE,TRUE,FALSE,66,,66.3093771389459,,TRUE,DDR,Non-Splicing,Non-DTA,DDR,113,0.0165646210345274,0.0033,C1D1vsC5D1
12155003 chr17 60663333 CT>C,12155003,chr17:60663333:CT:C,PPM1D,Placebo,SCLC,FALSE,,2.65632470913244e-05,,0.0038,,FALSE,FALSE,FALSE,TRUE,66,,66.3093771389459,,TRUE,DDR,Non-Splicing,Non-DTA,DDR,113,0.0439223696781799,0.00377343675290868,C1D1vsC5D1
12155003 chr17 60663182 CT>C,12155003,chr17:60663182:CT:C,PPM1D,Placebo,SCLC,FALSE,,5e-04,,0.0034,,FALSE,FALSE,TRUE,FALSE,66,,66.3093771389459,,TRUE,DDR,Non-Splicing,Non-DTA,DDR,113,0.0169639169219651,0.0029,C1D1vsC5D1
12155003 chr17 7674872 T>C,12155003,chr17:7674872:T:C,TP53,Placebo,SCLC,FALSE,,0.001,,0.0021,,FALSE,FALSE,TRUE,FALSE,66,,66.3093771389459,,TRUE,DDR,Non-Splicing,Non-DTA,DDR,113,0.00656581720999449,0.0011,C1D1vsC5D1
12155003 chr17 60663182 CTT>C,12155003,chr17:60663182:CTT:C,PPM1D,Placebo,SCLC,FALSE,,7.95692650452219e-05,,0.00185632077222944,,TRUE,FALSE,FALSE,FALSE,66,,66.3093771389459,,TRUE,DDR,Non-Splicing,Non-DTA,DDR,113,0.0278736621903748,0.00177675150718422,C1D1vsC5D1
12155003 chr17 60663164 AT>A,12155003,chr17:60663164:AT:A,PPM1D,Placebo,SCLC,FALSE,,0.000103632312555055,,0.00169540154933619,,TRUE,FALSE,FALSE,FALSE,66,,66.3093771389459,,TRUE,DDR,Non-Splicing,Non-DTA,DDR,113,0.0247329709342988,0.00159176923678114,C1D1vsC5D1
12155003 chr17 60663448 C>T,12155003,chr17:60663448:C:T,PPM1D,Placebo,SCLC,FALSE,,3.05791694697572e-05,,0.0017,,FALSE,FALSE,FALSE,TRUE,66,,66.3093771389459,,TRUE,DDR,Non-Splicing,Non-DTA,DDR,113,0.0355580928245537,0.00166942083053024,C1D1vsC5D1
12155003 chr17 7674229 C>T,12155003,chr17:7674229:C:T,TP53,Placebo,SCLC,FALSE,,5e-04,,0.0016,,FALSE,FALSE,TRUE,FALSE,66,,66.3093771389459,,TRUE,DDR,Non-Splicing,Non-DTA,DDR,113,0.0102933699982804,0.0011,C1D1vsC5D1
12155003 chr17 60663083 T>G,12155003,chr17:60663083:T:G,PPM1D,Placebo,SCLC,FALSE,,0.000222953012652583,,0.00158279663792162,,TRUE,FALSE,FALSE,FALSE,66,,66.3093771389459,,TRUE,DDR,Non-Splicing,Non-DTA,DDR,113,0.017345022493016,0.00135984362526904,C1D1vsC5D1
12155003 chr17 60663304 C>T,12155003,chr17:60663304:C:T,PPM1D,Placebo,SCLC,FALSE,,2.59094206653539e-05,,0.0015,,FALSE,FALSE,FALSE,TRUE,66,,66.3093771389459,,TRUE,DDR,Non-Splicing,Non-DTA,DDR,113,0.0359169358607637,0.00147409057933465,C1D1vsC5D1
12155003 chr17 60663009 TC>T,12155003,chr17:60663009:TC:T,PPM1D,Placebo,SCLC,FALSE,,2.7986118885033e-05,,0.0015,,FALSE,FALSE,FALSE,TRUE,66,,66.3093771389459,,TRUE,DDR,Non-Splicing,Non-DTA,DDR,113,0.0352346172915731,0.00147201388111497,C1D1vsC5D1
12155003 chr17 60663160 G>T,12155003,chr17:60663160:G:T,PPM1D,Placebo,SCLC,FALSE,,1.27642193403451e-05,,0.0014,,FALSE,TRUE,FALSE,FALSE,66,,66.3093771389459,,TRUE,DDR,Non-Splicing,Non-DTA,DDR,113,0.041571518787962,0.00138723578065966,C1D1vsC5D1
12155003 chr17 60663143 AT>A,12155003,chr17:60663143:AT:A,PPM1D,Placebo,SCLC,FALSE,,1.26761991684413e-05,,0.0013,,FALSE,FALSE,FALSE,TRUE,66,,66.3093771389459,,TRUE,DDR,Non-Splicing,Non-DTA,DDR,113,0.0409769326504206,0.00128732380083156,C1D1vsC5D1
12155003 chr17 60663168 C>A,12155003,chr17:60663168:C:A,PPM1D,Placebo,SCLC,FALSE,,1.29105556703161e-05,,0.0013,,FALSE,TRUE,FALSE,FALSE,66,,66.3093771389459,,TRUE,DDR,Non-Splicing,Non-DTA,DDR,113,0.040814816793494,0.00128708944432968,C1D1vsC5D1
12155003 chr17 60663171 TA>T,12155003,chr17:60663171:TA:T,PPM1D,Placebo,SCLC,FALSE,,1.30681372677139e-05,,0.0013,,FALSE,FALSE,FALSE,TRUE,66,,66.3093771389459,,TRUE,DDR,Non-Splicing,Non-DTA,DDR,113,0.0407074561562446,0.00128693186273229,C1D1vsC5D1
12155003 chr17 60663009 TCCATGGCCAAG>T,12155003,chr17:60663009:TCCATGGCCAAG:T,PPM1D,Placebo,SCLC,FALSE,,5.5972237770066e-05,,0.00118044749691474,,TRUE,FALSE,FALSE,FALSE,66,,66.3093771389459,,TRUE,DDR,Non-Splicing,Non-DTA,DDR,113,0.0269804696153932,0.00112447525914467,C1D1vsC5D1
12155006 chr17 7674944 C>G,12155006,chr17:7674944:C:G,TP53,Placebo,SCLC,TRUE,,0.003,,0.0029,,FALSE,FALSE,FALSE,FALSE,61,,61.4791238877481,,TRUE,DDR,Non-Splicing,Non-DTA,DDR,175,-0.000193723152432465,-1e-04,C1D1vsC5D1
12155006 chr17 7674884 A>T,12155006,chr17:7674884:A:T,TP53,Placebo,SCLC,TRUE,,0.0018,,0.0012,,FALSE,FALSE,FALSE,FALSE,61,,61.4791238877481,,TRUE,DDR,Non-Splicing,Non-DTA,DDR,175,-0.0023169434749038,-6e-04,C1D1vsC5D1
12155006 chr4 105236137 CA>C,12155006,chr4:105236137:CA:C,TET2,Placebo,SCLC,TRUE,,0.0012,,0.0025,,FALSE,FALSE,FALSE,FALSE,61,,61.4791238877481,,TRUE,Non-DDR,Non-Splicing,DTA,DTA,175,0.00419410957188686,0.0013,C1D1vsC5D1
12155006 chr4 105269662 G>T,12155006,chr4:105269662:G:T,TET2,Placebo,SCLC,TRUE,,0.0012,,0.0011,,FALSE,FALSE,FALSE,FALSE,61,,61.4791238877481,,TRUE,Non-DDR,Non-Splicing,DTA,DTA,175,-0.000497207868512169,-9.99999999999998e-05,C1D1vsC5D1
12155006 chr17 60663388 C>T,12155006,chr17:60663388:C:T,PPM1D,Placebo,SCLC,TRUE,,0.0011,,0.0012,,FALSE,FALSE,FALSE,FALSE,61,,61.4791238877481,,TRUE,DDR,Non-Splicing,Non-DTA,DDR,175,0.00049720786851217,9.99999999999998e-05,C1D1vsC5D1
12155006 chr4 105261769 T>A,12155006,chr4:105261769:T:A,TET2,Placebo,SCLC,FALSE,,0.0011,,0.001,,FALSE,FALSE,TRUE,FALSE,61,,61.4791238877481,,TRUE,Non-DDR,Non-Splicing,DTA,DTA,175,-0.000544629598881857,-1e-04,C1D1vsC5D1
12155007 chr2 25246193 T>TG,12155007,chr2:25246193:T:TG,DNMT3A,Trilaciclib,SCLC,TRUE,,0.0027,,0.0021,,FALSE,FALSE,FALSE,FALSE,68,,68.4599589322382,,TRUE,Non-DDR,Non-Splicing,DTA,DTA,168,-0.00149591921595778,-6e-04,C1D1vsC5D1
12155007 chr20 32429916 A>GCTCT,12155007,chr20:32429916:A:GCTCT,ASXL1,Trilaciclib,SCLC,FALSE,,0.001,,2.45808957278403e-05,,FALSE,TRUE,FALSE,FALSE,68,,68.4599589322382,,TRUE,Non-DDR,Non-Splicing,DTA,DTA,168,-0.0220582484177399,-0.00097541910427216,C1D1vsC5D1
12155007 chr20 32436223 AG>A,12155007,chr20:32436223:AG:A,ASXL1,Trilaciclib,SCLC,TRUE,,7e-04,,0.0012,,FALSE,FALSE,FALSE,FALSE,68,,68.4599589322382,,TRUE,Non-DDR,Non-Splicing,DTA,DTA,168,0.00320831250436123,5e-04,C1D1vsC5D1
12215003 chr22 28696966 T>TTAA,12215003,chr22:28696966:T:TTAA,CHEK2,Placebo,SCLC,TRUE,,0.0096,,0.0336,,FALSE,FALSE,FALSE,FALSE,52,,52.498288843258,,TRUE,DDR,Non-Splicing,Non-DTA,DDR,182,0.00688331301371081,0.024,C1D1vsC5D1
12215003 chr17 60663448 C>T,12215003,chr17:60663448:C:T,PPM1D,Placebo,SCLC,FALSE,,8e-04,,0.0058,,FALSE,FALSE,TRUE,FALSE,52,,52.498288843258,,TRUE,DDR,Non-Splicing,Non-DTA,DDR,182,0.0108846234553109,0.005,C1D1vsC5D1
12215003 chr17 60663321 C>CCCTCCAA,12215003,chr17:60663321:C:CCCTCCAA,PPM1D,Placebo,SCLC,TRUE,,8e-04,,0.0021,,FALSE,FALSE,FALSE,FALSE,52,,52.498288843258,,TRUE,DDR,Non-Splicing,Non-DTA,DDR,182,0.00530264228595377,0.0013,C1D1vsC5D1
12215004 chr17 60663168 C>A,12215004,chr17:60663168:C:A,PPM1D,Placebo,SCLC,TRUE,,0.0062,,0.0535,,FALSE,FALSE,FALSE,FALSE,65,,65.249144421629,,TRUE,DDR,Non-Splicing,Non-DTA,DDR,91,0.0236827732071529,0.0473,C1D1vsC5D1
12215004 chr17 60663148 G>T,12215004,chr17:60663148:G:T,PPM1D,Placebo,SCLC,TRUE,,7e-04,,0.0078,,FALSE,FALSE,FALSE,FALSE,65,,65.249144421629,,TRUE,DDR,Non-Splicing,Non-DTA,DDR,91,0.0264922931608162,0.0071,C1D1vsC5D1
12215004 chr17 60663172 A>T,12215004,chr17:60663172:A:T,PPM1D,Placebo,SCLC,TRUE,,4e-04,,0.0059,,FALSE,FALSE,FALSE,FALSE,65,,65.249144421629,,TRUE,DDR,Non-Splicing,Non-DTA,DDR,91,0.0295740998108333,0.0055,C1D1vsC5D1
12215004 chr17 7675157 G>A,12215004,chr17:7675157:G:A,TP53,Placebo,SCLC,FALSE,,9e-04,,0.0056,,FALSE,FALSE,TRUE,FALSE,65,,65.249144421629,,TRUE,DDR,Non-Splicing,Non-DTA,DDR,91,0.0200893089384498,0.0047,C1D1vsC5D1
12215004 chr17 60663370 CT>C,12215004,chr17:60663370:CT:C,PPM1D,Placebo,SCLC,TRUE,,4e-04,,0.005,,FALSE,FALSE,FALSE,FALSE,65,,65.249144421629,,TRUE,DDR,Non-Splicing,Non-DTA,DDR,91,0.0277552598275633,0.0046,C1D1vsC5D1
12215004 chr22 28712015 C>T,12215004,chr22:28712015:C:T,CHEK2,Placebo,SCLC,FALSE,,6e-04,,0.0041,,FALSE,FALSE,TRUE,FALSE,65,,65.249144421629,,TRUE,DDR,Non-Splicing,Non-DTA,DDR,91,0.0211188197524863,0.0035,C1D1vsC5D1
12215004 chr17 7674887 C>T,12215004,chr17:7674887:C:T,TP53,Placebo,SCLC,FALSE,,7e-04,,0.0021,,FALSE,FALSE,TRUE,FALSE,65,,65.249144421629,,TRUE,DDR,Non-Splicing,Non-DTA,DDR,91,0.0120726625128364,0.0014,C1D1vsC5D1
12215004 chr17 60663242 C>G,12215004,chr17:60663242:C:G,PPM1D,Placebo,SCLC,FALSE,,2.41849666247461e-05,,0.0012,,FALSE,FALSE,FALSE,TRUE,65,,65.249144421629,,TRUE,DDR,Non-Splicing,Non-DTA,DDR,91,0.0429048968076944,0.00117581503337525,C1D1vsC5D1
12225001 chr2 25245275 C>T,12225001,chr2:25245275:C:T,DNMT3A,Placebo,SCLC,TRUE,,0.0123,,0.0258,,FALSE,FALSE,FALSE,FALSE,75,,75.5366187542779,,TRUE,Non-DDR,Non-Splicing,DTA,DTA,196,0.00377946545688367,0.0135,C1D1vsC5D1
12225001 chr17 7673821 G>A,12225001,chr17:7673821:G:A,TP53,Placebo,SCLC,TRUE,,0.0039,,0.002,,FALSE,FALSE,FALSE,FALSE,75,,75.5366187542779,,TRUE,DDR,Non-Splicing,Non-DTA,DDR,196,-0.00340729271722273,-0.0019,C1D1vsC5D1
12225001 chr2 25247076 C>T,12225001,chr2:25247076:C:T,DNMT3A,Placebo,SCLC,TRUE,,0.0032,,0.0157,,FALSE,FALSE,FALSE,FALSE,75,,75.5366187542779,,TRUE,Non-DDR,Non-Splicing,DTA,DTA,196,0.0081148464415744,0.0125,C1D1vsC5D1
12225001 chr2 25243930 C>T,12225001,chr2:25243930:C:T,DNMT3A,Placebo,SCLC,FALSE,,0.002,,7e-04,,FALSE,FALSE,TRUE,FALSE,75,,75.5366187542779,,TRUE,Non-DDR,Non-Splicing,DTA,DTA,196,-0.00535623532907489,-0.0013,C1D1vsC5D1
12225001 chr22 28725090 A>G,12225001,chr22:28725090:A:G,CHEK2,Placebo,SCLC,TRUE,,0.0019,,0.0029,,FALSE,FALSE,FALSE,FALSE,75,,75.5366187542779,,TRUE,DDR,Non-Splicing,Non-DTA,DDR,196,0.00215743291234711,0.001,C1D1vsC5D1
12225001 chr20 32434897 AG>A,12225001,chr20:32434897:AG:A,ASXL1,Placebo,SCLC,TRUE,,0.0013,,0.0013,,FALSE,FALSE,FALSE,FALSE,75,,75.5366187542779,,TRUE,Non-DDR,Non-Splicing,DTA,DTA,196,0,0,C1D1vsC5D1
12225001 chr4 105275152 C>T,12225001,chr4:105275152:C:T,TET2,Placebo,SCLC,FALSE,,0.0013,,4.0980247520695e-05,,FALSE,FALSE,FALSE,TRUE,75,,75.5366187542779,,TRUE,Non-DDR,Non-Splicing,DTA,DTA,196,-0.0176379049011257,-0.00125901975247931,C1D1vsC5D1
12225001 chr22 28695810 T>C,12225001,chr22:28695810:T:C,CHEK2,Placebo,SCLC,FALSE,,0.0012,,0.0071,,FALSE,FALSE,TRUE,FALSE,75,,75.5366187542779,,TRUE,DDR,Non-Splicing,Non-DTA,DDR,196,0.00907027156761896,0.0059,C1D1vsC5D1
12225001 chr17 60663013 TGG>T,12225001,chr17:60663013:TGG:T,PPM1D,Placebo,SCLC,TRUE,,7e-04,,0.005,,FALSE,FALSE,FALSE,FALSE,75,,75.5366187542779,,TRUE,DDR,Non-Splicing,Non-DTA,DDR,196,0.0100311880427185,0.0043,C1D1vsC5D1
12225001 chr17 60663137 C>CA,12225001,chr17:60663137:C:CA,PPM1D,Placebo,SCLC,FALSE,,3e-04,,0.0012,,FALSE,FALSE,TRUE,FALSE,75,,75.5366187542779,,TRUE,DDR,Non-Splicing,Non-DTA,DDR,196,0.00707293041387699,9e-04,C1D1vsC5D1
12225001 chr2 25240421 A>T,12225001,chr2:25240421:A:T,DNMT3A,Placebo,SCLC,FALSE,,0.00108509661533325,,0.00129896488735539,,TRUE,FALSE,FALSE,FALSE,75,,75.5366187542779,,TRUE,Non-DDR,Non-Splicing,DTA,DTA,196,0.000917850394824901,0.00021386827202214,C1D1vsC5D1
12225001 chr17 60663185 T>A,12225001,chr17:60663185:T:A,PPM1D,Placebo,SCLC,FALSE,,1.19331742243437e-05,,0.001,,FALSE,FALSE,FALSE,TRUE,75,,75.5366187542779,,TRUE,DDR,Non-Splicing,Non-DTA,DDR,196,0.0225940459565716,0.000988066825775656,C1D1vsC5D1
12225001 chr17 60663281 C>G,12225001,chr17:60663281:C:G,PPM1D,Placebo,SCLC,FALSE,,3e-04,,0.001,,FALSE,FALSE,TRUE,FALSE,75,,75.5366187542779,,TRUE,DDR,Non-Splicing,Non-DTA,DDR,196,0.00614271838941804,7e-04,C1D1vsC5D1
12225001 chr17 60663073 GA>G,12225001,chr17:60663073:GA:G,PPM1D,Placebo,SCLC,FALSE,,1e-04,,0.001,,FALSE,FALSE,TRUE,FALSE,75,,75.5366187542779,,TRUE,DDR,Non-Splicing,Non-DTA,DDR,196,0.0117478831275206,9e-04,C1D1vsC5D1
12275002 chr17 7674872 T>C,12275002,chr17:7674872:T:C,TP53,Placebo,SCLC,FALSE,,0.0016,,0.0031,,FALSE,FALSE,TRUE,FALSE,58,,58.5147159479808,,TRUE,DDR,Non-Splicing,Non-DTA,DDR,188,0.00351807703322003,0.0015,C1D1vsC5D1
12275002 chr2 25246267 AC>A,12275002,chr2:25246267:AC:A,DNMT3A,Placebo,SCLC,FALSE,,7e-04,,0.0012,,FALSE,FALSE,TRUE,FALSE,58,,58.5147159479808,,TRUE,Non-DDR,Non-Splicing,DTA,DTA,188,0.00286700266347174,5e-04,C1D1vsC5D1
12395001 chr4 105235887 C>T,12395001,chr4:105235887:C:T,TET2,Placebo,SCLC,TRUE,,0.0019,,0.0019,,FALSE,FALSE,FALSE,FALSE,57,,57.4791238877481,,TRUE,Non-DDR,Non-Splicing,DTA,DTA,175,0,0,C1D1vsC5D1
12395001 chr20 32434486 C>T,12395001,chr20:32434486:C:T,ASXL1,Placebo,SCLC,TRUE,,0.0015,,0.0019,,FALSE,FALSE,FALSE,FALSE,57,,57.4791238877481,,TRUE,Non-DDR,Non-Splicing,DTA,DTA,175,0.00135079301750989,4e-04,C1D1vsC5D1
12395001 chr2 25244609 T>C,12395001,chr2:25244609:T:C,DNMT3A,Placebo,SCLC,FALSE,,0.0017,,0.002,,FALSE,FALSE,TRUE,FALSE,57,,57.4791238877481,,TRUE,Non-DDR,Non-Splicing,DTA,DTA,175,0.000928679597130142,3e-04,C1D1vsC5D1
12395004 chr22 28695815 C>T,12395004,chr22:28695815:C:T,CHEK2,Trilaciclib,SCLC,TRUE,,0.017,,0.0386,,FALSE,FALSE,FALSE,FALSE,59,,59.4818617385353,,TRUE,DDR,Non-Splicing,Non-DTA,DDR,176,0.00465931211599187,0.0216,C1D1vsC5D1
12395004 chr2 25243928 C>A,12395004,chr2:25243928:C:A,DNMT3A,Trilaciclib,SCLC,TRUE,,0.0074,,0.0102,,FALSE,FALSE,FALSE,FALSE,59,,59.4818617385353,,TRUE,Non-DDR,Non-Splicing,DTA,DTA,176,0.00182333931863694,0.0028,C1D1vsC5D1
12395004 chr2 25240699 A>G,12395004,chr2:25240699:A:G,DNMT3A,Trilaciclib,SCLC,TRUE,,0.0065,,0.004,,FALSE,FALSE,FALSE,FALSE,59,,59.4818617385353,,TRUE,Non-DDR,Non-Splicing,DTA,DTA,176,-0.0027585671351233,-0.0025,C1D1vsC5D1
12395004 chr2 25235732 TG>T,12395004,chr2:25235732:TG:T,DNMT3A,Trilaciclib,SCLC,TRUE,,0.004238,,0.0021,,FALSE,FALSE,FALSE,FALSE,59,,59.4818617385353,,TRUE,Non-DDR,Non-Splicing,DTA,DTA,176,-0.00398951201770869,-0.002138,C1D1vsC5D1
12395004 chr17 7673803 G>T,12395004,chr17:7673803:G:T,TP53,Trilaciclib,SCLC,TRUE,,0.0039,,0.0328,,FALSE,FALSE,FALSE,FALSE,59,,59.4818617385353,,TRUE,DDR,Non-Splicing,Non-DTA,DDR,176,0.012099158876446,0.0289,C1D1vsC5D1
12395004 chr4 105242902 CT>C,12395004,chr4:105242902:CT:C,TET2,Trilaciclib,SCLC,TRUE,,0.0031,,0.0012,,FALSE,FALSE,FALSE,FALSE,59,,59.4818617385353,,TRUE,Non-DDR,Non-Splicing,DTA,DTA,176,-0.00539250315168833,-0.0019,C1D1vsC5D1
12395004 chr2 25234307 G>A,12395004,chr2:25234307:G:A,DNMT3A,Trilaciclib,SCLC,TRUE,,0.0022,,0.003,,FALSE,FALSE,FALSE,FALSE,59,,59.4818617385353,,TRUE,Non-DDR,Non-Splicing,DTA,DTA,176,0.00176224391081727,8e-04,C1D1vsC5D1
12395004 chr2 25246764 G>A,12395004,chr2:25246764:G:A,DNMT3A,Trilaciclib,SCLC,FALSE,,0.0011,,0.0045,,FALSE,FALSE,TRUE,FALSE,59,,59.4818617385353,,TRUE,Non-DDR,Non-Splicing,DTA,DTA,176,0.00800435918734062,0.0034,C1D1vsC5D1
12395004 chr17 60663014 G>A,12395004,chr17:60663014:G:A,PPM1D,Trilaciclib,SCLC,FALSE,,4e-04,,0.0027,,FALSE,FALSE,TRUE,FALSE,59,,59.4818617385353,,TRUE,DDR,Non-Splicing,Non-DTA,DDR,176,0.010849673323207,0.0023,C1D1vsC5D1
12395004 chr17 60663015 G>A,12395004,chr17:60663015:G:A,PPM1D,Trilaciclib,SCLC,FALSE,,3e-04,,0.0011,,FALSE,FALSE,TRUE,FALSE,59,,59.4818617385353,,TRUE,DDR,Non-Splicing,Non-DTA,DDR,176,0.0073822896825583,8e-04,C1D1vsC5D1
12395004 chr17 60663181 AC>A,12395004,chr17:60663181:AC:A,PPM1D,Trilaciclib,SCLC,FALSE,,7.30691477701732e-05,,0.00104085349986989,,TRUE,FALSE,FALSE,FALSE,59,,59.4818617385353,,TRUE,DDR,Non-Splicing,Non-DTA,DDR,176,0.0150931256021677,0.000967784352099717,C1D1vsC5D1
1240001 chr17 60663167 GC>G,1240001,chr17:60663167:GC:G,PPM1D,Trilaciclib,SCLC,TRUE,,0.0027,,0.0214,,FALSE,FALSE,FALSE,FALSE,70,,70.227241615332,,TRUE,DDR,Non-Splicing,Non-DTA,DDR,83,0.0249414355303316,0.0187,C1D1vsC5D1
1240001 chr2 25241694 CA>C,1240001,chr2:25241694:CA:C,DNMT3A,Trilaciclib,SCLC,TRUE,,0.0018,,0.0012,,FALSE,FALSE,FALSE,FALSE,70,,70.227241615332,,TRUE,Non-DDR,Non-Splicing,DTA,DTA,83,-0.00488512178443572,-6e-04,C1D1vsC5D1
1240001 chr2 25240352 CA>C,1240001,chr2:25240352:CA:C,DNMT3A,Trilaciclib,SCLC,TRUE,,0.0011,,7e-04,,FALSE,FALSE,FALSE,FALSE,70,,70.227241615332,,TRUE,Non-DDR,Non-Splicing,DTA,DTA,83,-0.00544560390051876,-4e-04,C1D1vsC5D1
1240001 chr4 105234705 C>T,1240001,chr4:105234705:C:T,TET2,Trilaciclib,SCLC,FALSE,,0.001,,6e-04,,FALSE,FALSE,TRUE,FALSE,70,,70.227241615332,,TRUE,Non-DDR,Non-Splicing,DTA,DTA,83,-0.00615452558754206,-4e-04,C1D1vsC5D1
1240001 chr17 60663121 G>GGT,1240001,chr17:60663121:G:GGT,PPM1D,Trilaciclib,SCLC,TRUE,,3e-04,,0.0048,,FALSE,FALSE,FALSE,FALSE,70,,70.227241615332,,TRUE,DDR,Non-Splicing,Non-DTA,DDR,83,0.0334046834004793,0.0045,C1D1vsC5D1
1240001 chr17 60663185 T>TA,1240001,chr17:60663185:T:TA,PPM1D,Trilaciclib,SCLC,FALSE,,0.000122646716134175,,0.00110003666788893,,TRUE,FALSE,FALSE,FALSE,70,,70.227241615332,,TRUE,DDR,Non-Splicing,Non-DTA,DDR,83,0.0264312144170172,0.000977389951754755,C1D1vsC5D1
12415002 chr17 7674217 C>A,12415002,chr17:7674217:C:A,TP53,Trilaciclib,SCLC,FALSE,,0.0014,,2.80725394419179e-05,,FALSE,FALSE,FALSE,TRUE,45,,45.4818617385353,,TRUE,DDR,Non-Splicing,Non-DTA,DDR,176,-0.0222127026201012,-0.00137192746055808,C1D1vsC5D1
12415002 chr2 25234374 G>A,12415002,chr2:25234374:G:A,DNMT3A,Trilaciclib,SCLC,FALSE,,0.0012,,0.0014,,FALSE,FALSE,TRUE,FALSE,45,,45.4818617385353,,TRUE,Non-DDR,Non-Splicing,DTA,DTA,176,0.00087585613538215,2e-04,C1D1vsC5D1
12425001 chr2 25243928 C>A,12425001,chr2:25243928:C:A,DNMT3A,Placebo,SCLC,TRUE,,0.0094,,0.0088,,FALSE,FALSE,FALSE,FALSE,65,,65.4599589322382,,TRUE,Non-DDR,Non-Splicing,DTA,DTA,168,-0.000392606951141651,-6e-04,C1D1vsC5D1
12425001 chr2 25247657 C>CT,12425001,chr2:25247657:C:CT,DNMT3A,Placebo,SCLC,TRUE,,0.0062,,0.0091,,FALSE,FALSE,FALSE,FALSE,65,,65.4599589322382,,TRUE,Non-DDR,Non-Splicing,DTA,DTA,168,0.00228407810399856,0.0029,C1D1vsC5D1
12425001 chr2 25240306 A>T,12425001,chr2:25240306:A:T,DNMT3A,Placebo,SCLC,TRUE,,0.0049,,0.003464,,FALSE,FALSE,FALSE,FALSE,65,,65.4599589322382,,TRUE,Non-DDR,Non-Splicing,DTA,DTA,168,-0.00206435246676424,-0.001436,C1D1vsC5D1
12425001 chr4 105236431 T>TA,12425001,chr4:105236431:T:TA,TET2,Placebo,SCLC,TRUE,,0.0037,,0.0083,,FALSE,FALSE,FALSE,FALSE,65,,65.4599589322382,,TRUE,Non-DDR,Non-Splicing,DTA,DTA,168,0.00480906366162127,0.0046,C1D1vsC5D1
12425001 chr2 25247685 G>A,12425001,chr2:25247685:G:A,DNMT3A,Placebo,SCLC,TRUE,,0.0027,,0.0019,,FALSE,FALSE,FALSE,FALSE,65,,65.4599589322382,,TRUE,Non-DDR,Non-Splicing,DTA,DTA,168,-0.00209165408832077,-8e-04,C1D1vsC5D1
12425001 chr2 25241581 C>T,12425001,chr2:25241581:C:T,DNMT3A,Placebo,SCLC,FALSE,,0.0017,,8e-04,,FALSE,FALSE,TRUE,FALSE,65,,65.4599589322382,,TRUE,Non-DDR,Non-Splicing,DTA,DTA,168,-0.00448673691890702,-9e-04,C1D1vsC5D1
12425001 chr2 25236974 C>A,12425001,chr2:25236974:C:A,DNMT3A,Placebo,SCLC,FALSE,,5e-04,,0.0013,,FALSE,FALSE,TRUE,FALSE,65,,65.4599589322382,,TRUE,Non-DDR,Non-Splicing,DTA,DTA,168,0.00568756812516331,8e-04,C1D1vsC5D1
12425001 chr2 25240720 C>T,12425001,chr2:25240720:C:T,DNMT3A,Placebo,SCLC,FALSE,,7e-04,,0.0013,,FALSE,FALSE,TRUE,FALSE,65,,65.4599589322382,,TRUE,Non-DDR,Non-Splicing,DTA,DTA,168,0.00368475719289419,6e-04,C1D1vsC5D1
12435002 chr2 25240414 A>T,12435002,chr2:25240414:A:T,DNMT3A,Trilaciclib,SCLC,TRUE,,0.0134,,0.0151,,FALSE,FALSE,FALSE,FALSE,66,,66.4599589322382,,TRUE,Non-DDR,Non-Splicing,DTA,DTA,168,0.00071095260038103,0.0017,C1D1vsC5D1
12435002 chr9 5073770 G>T,12435002,chr9:5073770:G:T,JAK2,Trilaciclib,SCLC,FALSE,,0.00977751756440281,,0.00109565548780488,,TRUE,FALSE,FALSE,FALSE,66,,66.4599589322382,,TRUE,Non-DDR,Non-Splicing,Non-DTA,Other,168,-0.0130281715529099,-0.00868186207659793,C1D1vsC5D1
12435003 chr17 7674221 G>A,12435003,chr17:7674221:G:A,TP53,Placebo,SCLC,TRUE,,0.0028,,0.0197,,FALSE,FALSE,FALSE,FALSE,53,,53.5147159479808,,TRUE,DDR,Non-Splicing,Non-DTA,DDR,188,0.0103776554178872,0.0169,C1D1vsC5D1
12445001 chr20 32434638 A>AG,12445001,chr20:32434638:A:AG,ASXL1,Trilaciclib,SCLC,TRUE,,0.0521,,0.025,,FALSE,FALSE,FALSE,FALSE,63,,63.4626967830253,,TRUE,Non-DDR,Non-Splicing,DTA,DTA,169,-0.00434490605852734,-0.0271,C1D1vsC5D1
12445001 chr20 32434638 A>AGG,12445001,chr20:32434638:A:AGG,ASXL1,Trilaciclib,SCLC,FALSE,,0.003464,,0.00133,,FALSE,FALSE,TRUE,FALSE,63,,63.4626967830253,,TRUE,Non-DDR,Non-Splicing,DTA,DTA,169,-0.00566417188441732,-0.002134,C1D1vsC5D1
12445001 chr17 60663182 C>CT,12445001,chr17:60663182:C:CT,PPM1D,Trilaciclib,SCLC,TRUE,,5e-04,,0.0169,,FALSE,FALSE,FALSE,FALSE,63,,63.4626967830253,,TRUE,DDR,Non-Splicing,Non-DTA,DDR,169,0.0208311290088105,0.0164,C1D1vsC5D1
12445001 chr17 60663242 C>G,12445001,chr17:60663242:C:G,PPM1D,Trilaciclib,SCLC,FALSE,,0.000243819183693373,,0.0090122199592668,,TRUE,FALSE,FALSE,FALSE,63,,63.4626967830253,,TRUE,DDR,Non-Splicing,Non-DTA,DDR,169,0.0213604130679707,0.00876840077557343,C1D1vsC5D1
12445001 chr17 60663085 G>T,12445001,chr17:60663085:G:T,PPM1D,Trilaciclib,SCLC,FALSE,,2.8137310073157e-05,,0.0038,,FALSE,FALSE,FALSE,TRUE,63,,63.4626967830253,,TRUE,DDR,Non-Splicing,Non-DTA,DDR,169,0.0290275733104074,0.00377186268992684,C1D1vsC5D1
12445001 chr17 60663144 T>TA,12445001,chr17:60663144:T:TA,PPM1D,Trilaciclib,SCLC,FALSE,,0.000177917852785685,,0.00289332896604433,,TRUE,FALSE,FALSE,FALSE,63,,63.4626967830253,,TRUE,DDR,Non-Splicing,Non-DTA,DDR,169,0.0165020181478689,0.00271541111325865,C1D1vsC5D1
12445001 chr20 32435501 G>A,12445001,chr20:32435501:G:A,ASXL1,Trilaciclib,SCLC,FALSE,,0.00111157426705572,,0.00213505461767627,,TRUE,FALSE,FALSE,FALSE,63,,63.4626967830253,,TRUE,Non-DDR,Non-Splicing,DTA,DTA,169,0.00386221869378093,0.00102348035062055,C1D1vsC5D1
12445001 chr22 28725254 G>A,12445001,chr22:28725254:G:A,CHEK2,Trilaciclib,SCLC,FALSE,,1.95106723377688e-05,,0.0014,,FALSE,FALSE,FALSE,TRUE,63,,63.4626967830253,,TRUE,DDR,Non-Splicing,Non-DTA,DDR,169,0.0252855970436365,0.00138048932766223,C1D1vsC5D1
12445001 chr20 32435050 C>T,12445001,chr20:32435050:C:T,ASXL1,Trilaciclib,SCLC,FALSE,,3e-04,,0.0013,,FALSE,FALSE,TRUE,FALSE,63,,63.4626967830253,,TRUE,Non-DDR,Non-Splicing,DTA,DTA,169,0.00867655070291969,0.001,C1D1vsC5D1
12445001 chr17 60663019 AG>A,12445001,chr17:60663019:AG:A,PPM1D,Trilaciclib,SCLC,FALSE,,2.87836048586725e-05,,0.0012,,FALSE,FALSE,FALSE,TRUE,63,,63.4626967830253,,TRUE,DDR,Non-Splicing,Non-DTA,DDR,169,0.0220726087957023,0.00117121639514133,C1D1vsC5D1
12445001 chr17 60663075 G>GT,12445001,chr17:60663075:G:GT,PPM1D,Trilaciclib,SCLC,FALSE,,2.44092950595587e-05,,0.0011,,FALSE,TRUE,FALSE,FALSE,63,,63.4626967830253,,TRUE,DDR,Non-Splicing,Non-DTA,DDR,169,0.0225331446980152,0.00107559070494044,C1D1vsC5D1
12445001 chr17 60663132 AC>A,12445001,chr17:60663132:AC:A,PPM1D,Trilaciclib,SCLC,FALSE,,1.29182276191707e-05,,0.0011,,FALSE,FALSE,FALSE,TRUE,63,,63.4626967830253,,TRUE,DDR,Non-Splicing,Non-DTA,DDR,169,0.0262983795918399,0.00108708177238083,C1D1vsC5D1
12445001 chr22 28734565 AG>A,12445001,chr22:28734565:AG:A,CHEK2,Trilaciclib,SCLC,FALSE,,5.44128849711612e-05,,0.001,,FALSE,TRUE,FALSE,FALSE,63,,63.4626967830253,,TRUE,DDR,Non-Splicing,Non-DTA,DDR,169,0.0172257650714716,0.000945587115028839,C1D1vsC5D1
12465001 chr2 25240372 A>G,12465001,chr2:25240372:A:G,DNMT3A,Trilaciclib,SCLC,TRUE,,0.0041,,0.0019,,FALSE,FALSE,FALSE,FALSE,63,,63.4791238877481,,TRUE,Non-DDR,Non-Splicing,DTA,DTA,175,-0.0043950462145021,-0.0022,C1D1vsC5D1
12465004 chr2 25240710 G>C,12465004,chr2:25240710:G:C,DNMT3A,Trilaciclib,SCLC,TRUE,,0.0011,,6e-04,,FALSE,FALSE,FALSE,FALSE,61,,61.4818617385353,,TRUE,Non-DDR,Non-Splicing,DTA,DTA,176,-0.00344395342937679,-5e-04,C1D1vsC5D1
12465004 chr2 25240407 AT>A,12465004,chr2:25240407:AT:A,DNMT3A,Trilaciclib,SCLC,TRUE,,5e-04,,0.0013,,FALSE,FALSE,FALSE,FALSE,61,,61.4818617385353,,TRUE,Non-DDR,Non-Splicing,DTA,DTA,176,0.00542904230129225,8e-04,C1D1vsC5D1
12465005 chr20 32435242 AC>A,12465005,chr20:32435242:AC:A,ASXL1,Trilaciclib,SCLC,TRUE,,0.0054,,0.0048,,FALSE,FALSE,FALSE,FALSE,54,,54.4818617385353,,TRUE,Non-DDR,Non-Splicing,DTA,DTA,176,-0.00066922179350218,-0.000600000000000001,C1D1vsC5D1
12465005 chr2 25244333 A>C,12465005,chr2:25244333:A:C,DNMT3A,Trilaciclib,SCLC,TRUE,,0.0025,,0.0012,,FALSE,FALSE,FALSE,FALSE,54,,54.4818617385353,,TRUE,Non-DDR,Non-Splicing,DTA,DTA,176,-0.00417027940386478,-0.0013,C1D1vsC5D1
1250005 chr2 25239130 C>T,1250005,chr2:25239130:C:T,DNMT3A,Trilaciclib,SCLC,TRUE,,0.012,,0.0055,,FALSE,FALSE,FALSE,FALSE,78,,78.2299794661191,,TRUE,Non-DDR,Non-Splicing,DTA,DTA,84,-0.00928760187559018,-0.0065,C1D1vsC5D1
1250005 chr17 60663333 CT>C,1250005,chr17:60663333:CT:C,PPM1D,Trilaciclib,SCLC,TRUE,,0.0034,,0.008,,FALSE,FALSE,FALSE,FALSE,78,,78.2299794661191,,TRUE,DDR,Non-Splicing,Non-DTA,DDR,84,0.010186501310211,0.0046,C1D1vsC5D1
1250005 chr17 7675095 C>T,1250005,chr17:7675095:C:T,TP53,Trilaciclib,SCLC,FALSE,,0.0014,,0.0035,,FALSE,FALSE,TRUE,FALSE,78,,78.2299794661191,,TRUE,DDR,Non-Splicing,Non-DTA,DDR,84,0.0109082229985018,0.0021,C1D1vsC5D1
12525002 chr2 25239214 G>T,12525002,chr2:25239214:G:T,DNMT3A,Trilaciclib,SCLC,TRUE,,0.0082,,0.0051,,FALSE,FALSE,FALSE,FALSE,48,,48.4626967830253,,TRUE,Non-DDR,Non-Splicing,DTA,DTA,169,-0.00281002138781022,-0.0031,C1D1vsC5D1
12525002 chr2 25241659 G>T,12525002,chr2:25241659:G:T,DNMT3A,Trilaciclib,SCLC,TRUE,,0.0024,,0.0033,,FALSE,FALSE,FALSE,FALSE,48,,48.4626967830253,,TRUE,Non-DDR,Non-Splicing,DTA,DTA,169,0.00188434160425169,9e-04,C1D1vsC5D1
12525002 chr2 25247611 C>T,12525002,chr2:25247611:C:T,DNMT3A,Trilaciclib,SCLC,FALSE,,0.0021,,0.0016,,FALSE,FALSE,TRUE,FALSE,48,,48.4626967830253,,TRUE,Non-DDR,Non-Splicing,DTA,DTA,169,-0.00160907523954818,-5e-04,C1D1vsC5D1
12525002 chr2 25246646 CCAGAAGGCTGGAAGCCCCCCAGGGCCCATTCAATCATGGGCTTGTTCTGCACCTCCACGGCCTTGGCAGTGTCACTCTCATCGCTGTCGTGG>C,12525002,chr2:25246646:CCAGAAGGCTGGAAGCCCCCCAGGGCCCATTCAATCATGGGCTTGTTCTGCACCTCCACGGCCTTGGCAGTGTCACTCTCATCGCTGTCGTGG:C,DNMT3A,Trilaciclib,SCLC,TRUE,,0.0016,,0.0017,,FALSE,FALSE,FALSE,FALSE,48,,48.4626967830253,,TRUE,Non-DDR,Non-Splicing,DTA,DTA,169,0.000358725572878313,9.99999999999998e-05,C1D1vsC5D1
12525003 chr2 25244567 A>T,12525003,chr2:25244567:A:T,DNMT3A,Trilaciclib,SCLC,TRUE,,0.0274,,0.0332,,FALSE,FALSE,FALSE,FALSE,69,,69.4791238877481,,TRUE,Non-DDR,Non-Splicing,DTA,DTA,175,0.00109718207159096,0.0058,C1D1vsC5D1
12525003 chr20 32435598 GC>G,12525003,chr20:32435598:GC:G,ASXL1,Trilaciclib,SCLC,TRUE,,0.0019,,0.0014,,FALSE,FALSE,FALSE,FALSE,69,,69.4791238877481,,TRUE,Non-DDR,Non-Splicing,DTA,DTA,175,-0.00174503799743533,-5e-04,C1D1vsC5D1
12525003 chr2 25241660 C>A,12525003,chr2:25241660:C:A,DNMT3A,Trilaciclib,SCLC,FALSE,,3e-04,,0.0011,,FALSE,FALSE,TRUE,FALSE,69,,69.4791238877481,,TRUE,Non-DDR,Non-Splicing,DTA,DTA,175,0.00742447419503006,8e-04,C1D1vsC5D1
12555008 chr2 25235726 A>G,12555008,chr2:25235726:A:G,DNMT3A,Placebo,SCLC,FALSE,,0.0017,,0.0029,,FALSE,FALSE,TRUE,FALSE,53,,53.539356605065,,TRUE,Non-DDR,Non-Splicing,DTA,DTA,197,0.00271107860878303,0.0012,C1D1vsC5D1
12555008 chr2 25240429 A>G,12555008,chr2:25240429:A:G,DNMT3A,Placebo,SCLC,FALSE,,0.0021,,0.0028,,FALSE,FALSE,TRUE,FALSE,53,,53.539356605065,,TRUE,Non-DDR,Non-Splicing,DTA,DTA,197,0.00146031508858772,7e-04,C1D1vsC5D1
12555008 chr2 25234307 G>A,12555008,chr2:25234307:G:A,DNMT3A,Placebo,SCLC,FALSE,,0.0018,,0.0017,,FALSE,FALSE,TRUE,FALSE,53,,53.539356605065,,TRUE,Non-DDR,Non-Splicing,DTA,DTA,197,-0.000290144232690095,-1e-04,C1D1vsC5D1
12555009 chr2 25247055 A>G,12555009,chr2:25247055:A:G,DNMT3A,Placebo,SCLC,TRUE,,0.2198,,0.1108,,FALSE,FALSE,FALSE,FALSE,59,,59.4599589322382,,TRUE,Non-DDR,Non-Splicing,DTA,DTA,168,-0.00407732897414487,-0.109,C1D1vsC5D1
12555009 chr2 25245293 TC>T,12555009,chr2:25245293:TC:T,DNMT3A,Placebo,SCLC,TRUE,,0.0027,,0.0017,,FALSE,FALSE,FALSE,FALSE,59,,59.4599589322382,,TRUE,Non-DDR,Non-Splicing,DTA,DTA,168,-0.00275371144016734,-0.001,C1D1vsC5D1
12555009 chr2 25247719 C>A,12555009,chr2:25247719:C:A,DNMT3A,Placebo,SCLC,TRUE,,0.0014,,0.0022,,FALSE,FALSE,FALSE,FALSE,59,,59.4599589322382,,TRUE,Non-DDR,Non-Splicing,DTA,DTA,168,0.00269038764132772,8e-04,C1D1vsC5D1
12555009 chr17 60663083 T>A,12555009,chr17:60663083:T:A,PPM1D,Placebo,SCLC,FALSE,,0.00043308791684712,,0.00238873522755846,,TRUE,FALSE,FALSE,FALSE,59,,59.4599589322382,,TRUE,DDR,Non-Splicing,Non-DTA,DDR,168,0.0101641581116268,0.00195564731071134,C1D1vsC5D1
12565001 chr20 32436568 C>T,12565001,chr20:32436568:C:T,ASXL1,Trilaciclib,SCLC,TRUE,,0.0026,,0.0014,,FALSE,FALSE,FALSE,FALSE,65,,65.5831622176591,,TRUE,Non-DDR,Non-Splicing,DTA,DTA,213,-0.0029062873634095,-0.0012,C1D1vsC5D1
12565001 chr17 60663015 GC>G,12565001,chr17:60663015:GC:G,PPM1D,Trilaciclib,SCLC,TRUE,,0.0013,,0.0028,,FALSE,FALSE,FALSE,FALSE,65,,65.5831622176591,,TRUE,DDR,Non-Splicing,Non-DTA,DDR,213,0.00360213686720032,0.0015,C1D1vsC5D1
12565001 chr22 28734510 AG>A,12565001,chr22:28734510:AG:A,CHEK2,Trilaciclib,SCLC,FALSE,,4e-04,,0.0011,,FALSE,FALSE,TRUE,FALSE,65,,65.5831622176591,,TRUE,DDR,Non-Splicing,Non-DTA,DDR,213,0.00474930005482854,7e-04,C1D1vsC5D1
12565001 chr17 7676040 C>A,12565001,chr17:7676040:C:A,TP53,Trilaciclib,SCLC,FALSE,,5.81057524694945e-05,,0.001,,FALSE,FALSE,FALSE,TRUE,65,,65.5831622176591,,TRUE,DDR,Non-Splicing,Non-DTA,DDR,213,0.0133591108461195,0.000941894247530506,C1D1vsC5D1
12585001 chr4 105234608 TG>T,12585001,chr4:105234608:TG:T,TET2,Placebo,SCLC,FALSE,,0.0011,,5e-04,,FALSE,FALSE,TRUE,FALSE,69,,69.4845995893224,,TRUE,Non-DDR,Non-Splicing,DTA,DTA,177,-0.00445456135799023,-6e-04,C1D1vsC5D1
12585001 chr17 60663160 GA>G,12585001,chr17:60663160:GA:G,PPM1D,Placebo,SCLC,TRUE,,7e-04,,0.0011,,FALSE,FALSE,FALSE,FALSE,69,,69.4845995893224,,TRUE,DDR,Non-Splicing,Non-DTA,DDR,177,0.00255358826973479,4e-04,C1D1vsC5D1
12585002 chr4 105236814 C>T,12585002,chr4:105236814:C:T,TET2,Placebo,SCLC,TRUE,,0.0083,,0.009,,FALSE,FALSE,FALSE,FALSE,61,,61.498288843258,,TRUE,Non-DDR,Non-Splicing,DTA,DTA,182,0.000444884958976193,0.000699999999999999,C1D1vsC5D1
12585002 chr2 25247628 C>T,12585002,chr2:25247628:C:T,DNMT3A,Placebo,SCLC,TRUE,,0.0053,,0.0099,,FALSE,FALSE,FALSE,FALSE,61,,61.498288843258,,TRUE,Non-DDR,Non-Splicing,DTA,DTA,182,0.0034331205306729,0.0046,C1D1vsC5D1
12585002 chr2 25240428 AAAG>A,12585002,chr2:25240428:AAAG:A,DNMT3A,Placebo,SCLC,TRUE,,8e-04,,0.0017,,FALSE,FALSE,FALSE,FALSE,61,,61.498288843258,,TRUE,Non-DDR,Non-Splicing,DTA,DTA,182,0.00414160330976033,9e-04,C1D1vsC5D1
12585002 chr17 7675216 C>G,12585002,chr17:7675216:C:G,TP53,Placebo,SCLC,FALSE,,5.51450314326679e-05,,0.0011,,FALSE,TRUE,FALSE,FALSE,61,,61.498288843258,,TRUE,DDR,Non-Splicing,Non-DTA,DDR,182,0.0164455978518032,0.00104485496856733,C1D1vsC5D1
12595004 chr2 25243928 C>A,12595004,chr2:25243928:C:A,DNMT3A,Trilaciclib,SCLC,TRUE,,0.0049,,0.0053,,FALSE,FALSE,FALSE,FALSE,71,,71.5229295003422,,TRUE,Non-DDR,Non-Splicing,DTA,DTA,191,0.000410846154143955,4e-04,C1D1vsC5D1
12595004 chr2 25244257 G>C,12595004,chr2:25244257:G:C,DNMT3A,Trilaciclib,SCLC,TRUE,,0.0017,,0.0017,,FALSE,FALSE,FALSE,FALSE,71,,71.5229295003422,,TRUE,Non-DDR,Non-Splicing,DTA,DTA,191,0,0,C1D1vsC5D1
12595004 chr2 25234340 C>A,12595004,chr2:25234340:C:A,DNMT3A,Trilaciclib,SCLC,TRUE,,0.0015,,0.0011,,FALSE,FALSE,FALSE,FALSE,71,,71.5229295003422,,TRUE,Non-DDR,Non-Splicing,DTA,DTA,191,-0.0016238477921667,-4e-04,C1D1vsC5D1
12595004 chr4 105276244 C>G,12595004,chr4:105276244:C:G,TET2,Trilaciclib,SCLC,TRUE,,0.0013,,8e-04,,FALSE,FALSE,FALSE,FALSE,71,,71.5229295003422,,TRUE,Non-DDR,Non-Splicing,DTA,DTA,191,-0.00254192573707697,-5e-04,C1D1vsC5D1
12595004 chr2 25240418 G>A,12595004,chr2:25240418:G:A,DNMT3A,Trilaciclib,SCLC,FALSE,,0.001,,0.0021,,FALSE,FALSE,TRUE,FALSE,71,,71.5229295003422,,TRUE,Non-DDR,Non-Splicing,DTA,DTA,191,0.00388448871586061,0.0011,C1D1vsC5D1
1350004 chr2 25240438 CG>TC,1350004,chr2:25240438:CG:TC,DNMT3A,Placebo,SCLC,TRUE,,0.0085,,0.0091,,FALSE,FALSE,FALSE,FALSE,71,,71.249144421629,,TRUE,Non-DDR,Non-Splicing,DTA,DTA,91,0.000749541209082786,6e-04,C1D1vsC5D1
1350004 chr2 25235750 T>C,1350004,chr2:25235750:T:C,DNMT3A,Placebo,SCLC,TRUE,,0.0073,,0.0227,,FALSE,FALSE,FALSE,FALSE,71,,71.249144421629,,TRUE,Non-DDR,Non-Splicing,DTA,DTA,91,0.0124669294102529,0.0154,C1D1vsC5D1
1350004 chr2 25247666 C>T,1350004,chr2:25247666:C:T,DNMT3A,Placebo,SCLC,TRUE,,0.0021,,0.0021,,FALSE,FALSE,FALSE,FALSE,71,,71.249144421629,,TRUE,Non-DDR,Non-Splicing,DTA,DTA,91,0,0,C1D1vsC5D1
1350004 chr2 25240318 A>T,1350004,chr2:25240318:A:T,DNMT3A,Placebo,SCLC,TRUE,,0.0015,,0.002892,,FALSE,FALSE,FALSE,FALSE,71,,71.249144421629,,TRUE,Non-DDR,Non-Splicing,DTA,DTA,91,0.00721410105701488,0.001392,C1D1vsC5D1
1350004 chr17 60663106 C>T,1350004,chr17:60663106:C:T,PPM1D,Placebo,SCLC,FALSE,,5e-04,,0.0053,,FALSE,FALSE,TRUE,FALSE,71,,71.249144421629,,TRUE,DDR,Non-Splicing,Non-DTA,DDR,91,0.0259434505617365,0.0048,C1D1vsC5D1
1350004 chr17 7675088 C>T,1350004,chr17:7675088:C:T,TP53,Placebo,SCLC,FALSE,,9e-04,,0.0028,,FALSE,FALSE,TRUE,FALSE,71,,71.249144421629,,TRUE,DDR,Non-Splicing,Non-DTA,DDR,91,0.0124723069542746,0.0019,C1D1vsC5D1
1350006 chr2 25235719 G>A,1350006,chr2:25235719:G:A,DNMT3A,Trilaciclib,SCLC,TRUE,,0.01436,,0.013287,,FALSE,FALSE,FALSE,FALSE,72,,72.2464065708419,,TRUE,Non-DDR,Non-Splicing,DTA,DTA,90,-0.000862893889010081,-0.001073,C1D1vsC5D1
1350006 chr20 32434951 TC>T,1350006,chr20:32434951:TC:T,ASXL1,Trilaciclib,SCLC,TRUE,,0.0086,,0.0056,,FALSE,FALSE,FALSE,FALSE,72,,72.2464065708419,,TRUE,Non-DDR,Non-Splicing,DTA,DTA,90,-0.00476661783909287,-0.003,C1D1vsC5D1
1350006 chr4 105236172 C>T,1350006,chr4:105236172:C:T,TET2,Trilaciclib,SCLC,FALSE,,0.0033,,8e-04,,FALSE,FALSE,TRUE,FALSE,72,,72.2464065708419,,TRUE,Non-DDR,Non-Splicing,DTA,DTA,90,-0.0157451779976294,-0.0025,C1D1vsC5D1
1350006 chr17 60663160 GA>G,1350006,chr17:60663160:GA:G,PPM1D,Trilaciclib,SCLC,TRUE,,0.001,,0.007,,FALSE,FALSE,FALSE,FALSE,72,,72.2464065708419,,TRUE,DDR,Non-Splicing,Non-DTA,DDR,90,0.0216212238783924,0.006,C1D1vsC5D1
1350008 chr2 25245296 AG>A,1350008,chr2:25245296:AG:A,DNMT3A,Placebo,SCLC,TRUE,,0.01,,0.0085,,FALSE,FALSE,FALSE,FALSE,66,,66.227241615332,,TRUE,Non-DDR,Non-Splicing,DTA,DTA,83,-0.00195805939153946,-0.0015,C1D1vsC5D1
1350008 chr20 32435671 GGAGACTCT>G,1350008,chr20:32435671:GGAGACTCT:G,ASXL1,Placebo,SCLC,TRUE,,0.0019,,8e-04,,FALSE,FALSE,FALSE,FALSE,66,,66.227241615332,,TRUE,Non-DDR,Non-Splicing,DTA,DTA,83,-0.0104216558733326,-0.0011,C1D1vsC5D1
1350008 chr17 60663169 G>CT,1350008,chr17:60663169:G:CT,PPM1D,Placebo,SCLC,TRUE,,7e-04,,0.0039,,FALSE,FALSE,FALSE,FALSE,66,,66.227241615332,,TRUE,DDR,Non-Splicing,Non-DTA,DDR,83,0.0206945963502932,0.0032,C1D1vsC5D1
1350008 chr17 60663167 G>GC,1350008,chr17:60663167:G:GC,PPM1D,Placebo,SCLC,TRUE,,0.000759,,0.003754,,FALSE,FALSE,FALSE,FALSE,66,,66.227241615332,,TRUE,DDR,Non-Splicing,Non-DTA,DDR,83,0.0192599450572388,0.002995,C1D1vsC5D1
1540001 chr2 25234373 C>T,1540001,chr2:25234373:C:T,DNMT3A,Placebo,SCLC,TRUE,,0.0093,,0.005,,FALSE,FALSE,FALSE,FALSE,70,,70.2327173169062,,TRUE,Non-DDR,Non-Splicing,DTA,DTA,85,-0.00730089985558953,-0.0043,C1D1vsC5D1
1540001 chr2 25247611 C>T,1540001,chr2:25247611:C:T,DNMT3A,Placebo,SCLC,TRUE,,0.0092,,0.011,,FALSE,FALSE,FALSE,FALSE,70,,70.2327173169062,,TRUE,Non-DDR,Non-Splicing,DTA,DTA,85,0.00210225633815736,0.0018,C1D1vsC5D1
1540001 chr2 25234307 G>A,1540001,chr2:25234307:G:A,DNMT3A,Placebo,SCLC,TRUE,,0.0057,,0.0086,,FALSE,FALSE,FALSE,FALSE,70,,70.2327173169062,,TRUE,Non-DDR,Non-Splicing,DTA,DTA,85,0.00483877680492891,0.0029,C1D1vsC5D1
1540001 chr2 25240420 T>C,1540001,chr2:25240420:T:C,DNMT3A,Placebo,SCLC,TRUE,,0.0048,,0.0079,,FALSE,FALSE,FALSE,FALSE,70,,70.2327173169062,,TRUE,Non-DDR,Non-Splicing,DTA,DTA,85,0.00586172754775448,0.0031,C1D1vsC5D1
1540001 chr4 105269703 C>T,1540001,chr4:105269703:C:T,TET2,Placebo,SCLC,TRUE,,0.0022,,0.0018,,FALSE,FALSE,FALSE,FALSE,70,,70.2327173169062,,TRUE,Non-DDR,Non-Splicing,DTA,DTA,85,-0.00236083171131943,-4e-04,C1D1vsC5D1
9130001 chr2 25243909 CCATCAAAGAGA>C,9130001,chr2:25243909:CCATCAAAGAGA:C,DNMT3A,Placebo,SCLC,TRUE,,0.0017,,0.0018,,FALSE,FALSE,FALSE,FALSE,67,,67.2737850787132,,TRUE,Non-DDR,Non-Splicing,DTA,DTA,100,0.000571584138399486,1e-04,C1D1vsC5D1
9130003 chr17 7675208 C>T,9130003,chr17:7675208:C:T,TP53,Placebo,SCLC,TRUE,,0.0051,,0.022,,FALSE,FALSE,FALSE,FALSE,72,,72.249144421629,,TRUE,DDR,Non-Splicing,Non-DTA,DDR,91,0.0160637572926158,0.0169,C1D1vsC5D1
9130003 chr17 76737000 G>A,9130003,chr17:76737000:G:A,SRSF2,Placebo,SCLC,TRUE,,0.0025,,0.0026,,FALSE,FALSE,FALSE,FALSE,72,,72.249144421629,,TRUE,Non-DDR,Splice,Non-DTA,Splice,91,0.000430996847838256,9.99999999999998e-05,C1D1vsC5D1
9130003 chr2 25240714 G>A,9130003,chr2:25240714:G:A,DNMT3A,Placebo,SCLC,TRUE,,0.0014,,0.003,,FALSE,FALSE,FALSE,FALSE,72,,72.249144421629,,TRUE,Non-DDR,Non-Splicing,DTA,DTA,91,0.00837516540710876,0.0016,C1D1vsC5D1
9130003 chr2 25244254 G>T,9130003,chr2:25244254:G:T,DNMT3A,Placebo,SCLC,TRUE,,0.0014,,4e-04,,FALSE,FALSE,FALSE,FALSE,72,,72.249144421629,,TRUE,Non-DDR,Non-Splicing,DTA,DTA,91,-0.0137666260274216,-0.001,C1D1vsC5D1
9230001 chr2 197402767 C>G,9230001,chr2:197402767:C:G,SF3B1,Placebo,SCLC,FALSE,,0.00119864429197322,,8.98069151324652e-05,,TRUE,FALSE,FALSE,FALSE,39,,39.2327173169062,,TRUE,Non-DDR,Splice,Non-DTA,Splice,85,-0.0304856995548018,-0.00110883737684075,C1D1vsC5D1
9240002 chr2 25240438 C>G,9240002,chr2:25240438:C:G,DNMT3A,Placebo,SCLC,FALSE,,0.00259314862836086,,0.000257109065665655,,TRUE,FALSE,FALSE,FALSE,64,,64.249144421629,,TRUE,Non-DDR,Non-Splicing,DTA,DTA,91,-0.025397008000849,-0.00233603956269521,C1D1vsC5D1
9240005 chr4 105237281 T>TA,9240005,chr4:105237281:T:TA,TET2,Trilaciclib,SCLC,TRUE,,0.0094,,0.0065,,FALSE,FALSE,FALSE,FALSE,68,,68.2299794661191,,TRUE,Non-DDR,Non-Splicing,DTA,DTA,84,-0.00439175609969484,-0.0029,C1D1vsC5D1
9240005 chr2 25235781 C>A,9240005,chr2:25235781:C:A,DNMT3A,Trilaciclib,SCLC,TRUE,,0.0076,,0.0064,,FALSE,FALSE,FALSE,FALSE,68,,68.2299794661191,,TRUE,Non-DDR,Non-Splicing,DTA,DTA,84,-0.00204583639198404,-0.0012,C1D1vsC5D1
9240005 chr20 32434637 G>GA,9240005,chr20:32434637:G:GA,ASXL1,Trilaciclib,SCLC,TRUE,,0.0015,,0.0022,,FALSE,FALSE,FALSE,FALSE,68,,68.2299794661191,,TRUE,Non-DDR,Non-Splicing,DTA,DTA,84,0.00455943157447745,7e-04,C1D1vsC5D1
9240005 chr2 25239171 G>C,9240005,chr2:25239171:G:C,DNMT3A,Trilaciclib,SCLC,TRUE,,0.0013,,0.0015,,FALSE,FALSE,FALSE,FALSE,68,,68.2299794661191,,TRUE,Non-DDR,Non-Splicing,DTA,DTA,84,0.00170358147191278,2e-04,C1D1vsC5D1
9240005 chr17 60663388 C>T,9240005,chr17:60663388:C:T,PPM1D,Trilaciclib,SCLC,FALSE,,5e-04,,0.001,,FALSE,FALSE,TRUE,FALSE,68,,68.2299794661191,,TRUE,DDR,Non-Splicing,Non-DTA,DDR,84,0.00825175214952316,5e-04,C1D1vsC5D1
9330001 chr2 25247611 C>T,9330001,chr2:25247611:C:T,DNMT3A,Placebo,SCLC,TRUE,,0.0017,,0.0026,,FALSE,FALSE,FALSE,FALSE,64,,64.2299794661191,,TRUE,Non-DDR,Non-Splicing,DTA,DTA,84,0.00505813326149126,9e-04,C1D1vsC5D1
9330001 chr2 25235724 C>T,9330001,chr2:25235724:C:T,DNMT3A,Placebo,SCLC,FALSE,,0.0011,,0.0011,,FALSE,FALSE,TRUE,FALSE,64,,64.2299794661191,,TRUE,Non-DDR,Non-Splicing,DTA,DTA,84,0,0,C1D1vsC5D1
9330001 chr17 60663014 G>A,9330001,chr17:60663014:G:A,PPM1D,Placebo,SCLC,FALSE,,4e-04,,0.0029,,FALSE,FALSE,TRUE,FALSE,64,,64.2299794661191,,TRUE,DDR,Non-Splicing,Non-DTA,DDR,84,0.0235833508198403,0.0025,C1D1vsC5D1
9350001 chr4 105237054 A>T,9350001,chr4:105237054:A:T,TET2,Placebo,SCLC,TRUE,,0.0532,,0.0215,,FALSE,FALSE,FALSE,FALSE,83,,83.2464065708419,,TRUE,Non-DDR,Non-Splicing,DTA,DTA,90,-0.010066727346822,-0.0317,C1D1vsC5D1
9350001 chr17 7674196 G>A,9350001,chr17:7674196:G:A,TP53,Placebo,SCLC,TRUE,,0.0028,,0.0045,,FALSE,FALSE,FALSE,FALSE,83,,83.2464065708419,,TRUE,DDR,Non-Splicing,Non-DTA,DDR,90,0.00527175532883462,0.0017,C1D1vsC5D1
9350001 chr4 105243612 G>A,9350001,chr4:105243612:G:A,TET2,Placebo,SCLC,TRUE,,0.0015,,0.0021,,FALSE,FALSE,FALSE,FALSE,83,,83.2464065708419,,TRUE,Non-DDR,Non-Splicing,DTA,DTA,90,0.00373858040690237,6e-04,C1D1vsC5D1
9350001 chr2 25246620 CT>C,9350001,chr2:25246620:CT:C,DNMT3A,Placebo,SCLC,FALSE,,0.001,,0.0011,,FALSE,FALSE,TRUE,FALSE,83,,83.2464065708419,,TRUE,Non-DDR,Non-Splicing,DTA,DTA,90,0.00105900199782583,1e-04,C1D1vsC5D1
9350003 chr4 105235323 C>T,9350003,chr4:105235323:C:T,TET2,Trilaciclib,SCLC,TRUE,,0.0016,,9e-04,,FALSE,FALSE,FALSE,FALSE,57,,57.2464065708419,,TRUE,Non-DDR,Non-Splicing,DTA,DTA,90,-0.00639293494337291,-7e-04,C1D1vsC5D1
9350003 chr17 60663301 G>GC,9350003,chr17:60663301:G:GC,PPM1D,Trilaciclib,SCLC,TRUE,,4e-04,,0.0016,,FALSE,FALSE,FALSE,FALSE,57,,57.2464065708419,,TRUE,DDR,Non-Splicing,Non-DTA,DDR,90,0.0154032706791099,0.0012,C1D1vsC5D1
9350004 chr4 105237431 CT>C,9350004,chr4:105237431:CT:C,TET2,Placebo,SCLC,FALSE,,0.005,,0.0027,,FALSE,FALSE,TRUE,FALSE,66,,66.249144421629,,TRUE,Non-DDR,Non-Splicing,DTA,DTA,91,-0.00677127625740458,-0.0023,C1D1vsC5D1
9350004 chr2 25246029 TC>T,9350004,chr2:25246029:TC:T,DNMT3A,Placebo,SCLC,TRUE,,0.0022,,0.0032,,FALSE,FALSE,FALSE,FALSE,66,,66.249144421629,,TRUE,Non-DDR,Non-Splicing,DTA,DTA,91,0.0041175104334221,0.001,C1D1vsC5D1
9350004 chr17 7675076 T>C,9350004,chr17:7675076:T:C,TP53,Placebo,SCLC,FALSE,,0.0011,,0.0042,,FALSE,FALSE,TRUE,FALSE,66,,66.249144421629,,TRUE,DDR,Non-Splicing,Non-DTA,DDR,91,0.0147227950053296,0.0031,C1D1vsC5D1
9350004 chr2 25234373 C>T,9350004,chr2:25234373:C:T,DNMT3A,Placebo,SCLC,FALSE,,0.001,,0.0021,,FALSE,FALSE,TRUE,FALSE,66,,66.249144421629,,TRUE,Non-DDR,Non-Splicing,DTA,DTA,91,0.00815315763438876,0.0011,C1D1vsC5D1
9350004 chr2 25247719 C>T,9350004,chr2:25247719:C:T,DNMT3A,Placebo,SCLC,FALSE,,3e-04,,0.0016,,FALSE,FALSE,TRUE,FALSE,66,,66.249144421629,,TRUE,Non-DDR,Non-Splicing,DTA,DTA,91,0.0183953454238645,0.0013,C1D1vsC5D1
9510002 chr17 60663001 G>T,9510002,chr17:60663001:G:T,PPM1D,Trilaciclib,SCLC,FALSE,,2.86057554780022e-05,,0.0017,,FALSE,FALSE,FALSE,TRUE,56,,56.2683093771389,,TRUE,DDR,Non-Splicing,Non-DTA,DDR,98,0.0416813835915823,0.001671394244522,C1D1vsC5D1
9510002 chr22 28696959 C>T,9510002,chr22:28696959:C:T,CHEK2,Trilaciclib,SCLC,FALSE,,4e-04,,0.0012,,FALSE,FALSE,TRUE,FALSE,56,,56.2683093771389,,TRUE,DDR,Non-Splicing,Non-DTA,DDR,98,0.0112103294762052,8e-04,C1D1vsC5D1
9510004 chr17 7674188 C>T,9510004,chr17:7674188:C:T,TP53,Placebo,SCLC,TRUE,,0.0015,,0.0016,,FALSE,FALSE,FALSE,FALSE,67,,67.2710472279261,,TRUE,DDR,Non-Splicing,Non-DTA,DDR,99,0.00065190425391486,1e-04,C1D1vsC5D1
9510004 chr4 105275063 C>G,9510004,chr4:105275063:C:G,TET2,Placebo,SCLC,TRUE,,0.0014,,0.0024,,FALSE,FALSE,FALSE,FALSE,67,,67.2710472279261,,TRUE,Non-DDR,Non-Splicing,DTA,DTA,99,0.00544440909830997,0.001,C1D1vsC5D1
9510004 chr17 60663515 T>A,9510004,chr17:60663515:T:A,PPM1D,Placebo,SCLC,FALSE,,6e-04,,0.005,,FALSE,FALSE,TRUE,FALSE,67,,67.2710472279261,,TRUE,DDR,Non-Splicing,Non-DTA,DDR,99,0.0214168033959605,0.0044,C1D1vsC5D1
9510004 chr2 25234401 G>A,9510004,chr2:25234401:G:A,DNMT3A,Placebo,SCLC,FALSE,,0.0011,,0.0024,,FALSE,FALSE,TRUE,FALSE,67,,67.2710472279261,,TRUE,Non-DDR,Non-Splicing,DTA,DTA,99,0.00788038947019773,0.0013,C1D1vsC5D1
9510004 chr22 28725090 A>G,9510004,chr22:28725090:A:G,CHEK2,Placebo,SCLC,FALSE,,2.92466073935424e-05,,0.0018,,FALSE,FALSE,FALSE,TRUE,67,,67.2710472279261,,TRUE,DDR,Non-Splicing,Non-DTA,DDR,99,0.0416139228634233,0.00177075339260646,C1D1vsC5D1
9510004 chr17 60663019 AG>A,9510004,chr17:60663019:AG:A,PPM1D,Placebo,SCLC,FALSE,,0.000190367409099562,,0.00171805769056877,,TRUE,FALSE,FALSE,FALSE,67,,67.2710472279261,,TRUE,DDR,Non-Splicing,Non-DTA,DDR,99,0.022222159040859,0.00152769028146921,C1D1vsC5D1
9510004 chr2 25234316 A>C,9510004,chr2:25234316:A:C,DNMT3A,Placebo,SCLC,TRUE,,7e-04,,0.0016,,FALSE,FALSE,FALSE,FALSE,67,,67.2710472279261,,TRUE,Non-DDR,Non-Splicing,DTA,DTA,99,0.00835028861802493,9e-04,C1D1vsC5D1
9510004 chr2 25239143 G>C,9510004,chr2:25239143:G:C,DNMT3A,Placebo,SCLC,TRUE,,4e-04,,0.0012,,FALSE,FALSE,FALSE,FALSE,67,,67.2710472279261,,TRUE,Non-DDR,Non-Splicing,DTA,DTA,99,0.0110970938249304,8e-04,C1D1vsC5D1
9510004 chr22 28695206 AG>A,9510004,chr22:28695206:AG:A,CHEK2,Placebo,SCLC,TRUE,,4e-04,,0.001,,FALSE,FALSE,FALSE,FALSE,67,,67.2710472279261,,TRUE,DDR,Non-Splicing,Non-DTA,DDR,99,0.00925546193812278,6e-04,C1D1vsC5D1
9510008 chr2 25247666 C>T,9510008,chr2:25247666:C:T,DNMT3A,Placebo,SCLC,TRUE,,0.002,,0.0015,,FALSE,FALSE,FALSE,FALSE,68,,68.2683093771389,,TRUE,Non-DDR,Non-Splicing,DTA,DTA,98,-0.00293553135154879,-5e-04,C1D1vsC5D1
9510008 chr2 25247663 C>T,9510008,chr2:25247663:C:T,DNMT3A,Placebo,SCLC,FALSE,,0.0012,,9e-04,,FALSE,FALSE,TRUE,FALSE,68,,68.2683093771389,,TRUE,Non-DDR,Non-Splicing,DTA,DTA,98,-0.00293553135154879,-3e-04,C1D1vsC5D1
9510008 chr4 105272838 C>G,9510008,chr4:105272838:C:G,TET2,Placebo,SCLC,TRUE,,5e-04,,0.0015,,FALSE,FALSE,FALSE,FALSE,68,,68.2683093771389,,TRUE,Non-DDR,Non-Splicing,DTA,DTA,98,0.0112103294762052,0.001,C1D1vsC5D1
9510010 chr22 28703509 C>CCA,9510010,chr22:28703509:C:CCA,CHEK2,Placebo,SCLC,TRUE,,0.0019,,0.0046,,FALSE,FALSE,FALSE,FALSE,61,,61.2299794661191,,TRUE,DDR,Non-Splicing,Non-DTA,DDR,84,0.0105262192538411,0.0027,C1D1vsC5D1
9510010 chr17 7673776 G>A,9510010,chr17:7673776:G:A,TP53,Placebo,SCLC,FALSE,,0.0011,,0.0031,,FALSE,FALSE,TRUE,FALSE,61,,61.2299794661191,,TRUE,DDR,Non-Splicing,Non-DTA,DDR,84,0.0123344277581759,0.002,C1D1vsC5D1
10125002 chr17 60663355 TC>T,10125002,chr17:60663355:TC:T,PPM1D,Placebo,SCLC,true,0,0.0022845,0,0.000866,0,false,false,false,false,63,,63.517,64.392,TRUE,DDR,Non-Splice,Non-DTA,DDR,188.834250000001,-0.00513687295837956,-0.0014185,C1D1vsC5D1
10125002 chr2 25244579 C>T,10125002,chr2:25244579:C:T,DNMT3A,Placebo,SCLC,false,0,0.001,0,9e-04,0,false,false,false,false,63,,63.517,64.392,TRUE,Non-DDR,Non-Splice,DTA,DTA,188.834250000001,-0.000557952361172964,-1e-04,C1D1vsC5D1
10125002 chr4 105261775 C>CT,10125002,chr4:105261775:C:CT,TET2,Placebo,SCLC,false,0,0.0009405,0,0.0013805,0,false,false,false,false,63,,63.517,64.392,TRUE,Non-DDR,Non-Splice,DTA,DTA,188.834250000001,0.00203241404898276,0.00044,C1D1vsC5D1
12235004 chr2 25240640 C>A,12235004,chr2:25240640:C:A,DNMT3A,Placebo,SCLC,true,0,0.001,0,0.0016715,0,false,false,false,false,56,,56.5167,,TRUE,Non-DDR,Non-Splice,DTA,DTA,188.724675,0.00272206814968957,0.0006715,C1D1vsC5D1
12235004 chr2 25244578 GC>G,12235004,chr2:25244578:GC:G,DNMT3A,Placebo,SCLC,true,0,0.003663,0,0.00514766666666667,0,false,false,false,false,56,,56.5167,,TRUE,Non-DDR,Non-Splice,DTA,DTA,188.724675,0.00180294947534591,0.00148466666666667,C1D1vsC5D1
12235004 chr2 25244262 TC>T,12235004,chr2:25244262:TC:T,DNMT3A,Placebo,SCLC,true,0,0.000926,0,0.0010155,0,false,false,false,false,56,,56.5167,,TRUE,Non-DDR,Non-Splice,DTA,DTA,188.724675,0.0004888716664859,8.95e-05,C1D1vsC5D1
12465003 chr17 7673806 C>T,12465003,chr17:7673806:C:T,TP53,Placebo,SCLC,true,0,0.006614,0,0.0138306666666667,0,false,false,false,false,65,,65.5167,,TRUE,DDR,Non-Splice,Non-DTA,DDR,188.724675,0.00390886742468558,0.0072166666666667,C1D1vsC5D1
12465003 chr2 25240708 T>A,12465003,chr2:25240708:T:A,DNMT3A,Placebo,SCLC,false,0,0.001339,0,2e-04,0,false,false,true,false,65,,65.5167,,TRUE,Non-DDR,Non-Splice,DTA,DTA,188.724675,-0.0100747874073336,-0.001139,C1D1vsC5D1
12465003 chr17 60663168 C>A,12465003,chr17:60663168:C:A,PPM1D,Placebo,SCLC,true,0,6e-04,0,0.001875,0,false,false,false,false,65,,65.5167,,TRUE,DDR,Non-Splice,Non-DTA,DDR,188.724675,0.00603754799518592,0.001275,C1D1vsC5D1
12465003 chr17 60663313 G>T,12465003,chr17:60663313:G:T,PPM1D,Placebo,SCLC,true,0,3e-04,0,0.003431,0,false,false,false,false,65,,65.5167,,TRUE,DDR,Non-Splice,Non-DTA,DDR,188.724675,0.0129120612776376,0.003131,C1D1vsC5D1
12525004 chr2 25240438 C>T,12525004,chr2:25240438:C:T,DNMT3A,Placebo,SCLC,false,0,0.0041945,0,3e-04,0,false,false,true,false,76,,76.5167,,TRUE,Non-DDR,Non-Splice,DTA,DTA,188.724675,-0.0139766935491088,-0.0038945,C1D1vsC5D1
12525004 chr17 60663092 CA>C,12525004,chr17:60663092:CA:C,PPM1D,Placebo,SCLC,true,0,0,0,0.00284166666666667,0,false,false,false,false,76,,76.5167,,TRUE,DDR,Non-Splice,Non-DTA,DDR,188.724675,Inf,0.00284166666666667,C1D1vsC5D1
12525004 chr17 60663276 G>GAT,12525004,chr17:60663276:G:GAT,PPM1D,Placebo,SCLC,true,0,0,0,0.0012165,0,false,false,false,false,76,,76.5167,,TRUE,DDR,Non-Splice,Non-DTA,DDR,188.724675,Inf,0.0012165,C1D1vsC5D1
12525004 chr4 105235160 TTC>T,12525004,chr4:105235160:TTC:T,TET2,Placebo,SCLC,true,0,0,0,0.001594,0,false,false,false,false,76,,76.5167,,TRUE,Non-DDR,Non-Splice,DTA,DTA,188.724675,Inf,0.001594,C1D1vsC5D1
12525004 chr4 105272652 CT>C,12525004,chr4:105272652:CT:C,TET2,Placebo,SCLC,true,0,0,0,0.00903566666666667,0,false,false,false,false,76,,76.5167,,TRUE,Non-DDR,Non-Splice,DTA,DTA,188.724675,Inf,0.00903566666666667,C1D1vsC5D1
12555002 chr22 28695730 TA>T,12555002,chr22:28695730:TA:T,CHEK2,Trilaciclib,SCLC,true,0,0.0017,0,0.0013,0,false,false,false,false,51,,51.5167,,TRUE,DDR,Non-Splice,Non-DTA,DDR,188.724675,-0.00142145687411929,-4e-04,C1D1vsC5D1
12555002 chr4 105235516 TA>T,12555002,chr4:105235516:TA:T,TET2,Trilaciclib,SCLC,true,0,0.0010145,0,0.0012085,0,false,false,false,false,51,,51.5167,,TRUE,Non-DDR,Non-Splice,DTA,DTA,188.724675,0.000927192169639016,0.000194,C1D1vsC5D1
12555002 chr17 7670682 C>A,12555002,chr17:7670682:C:A,TP53,Trilaciclib,SCLC,true,0,6e-04,0,0.001,0,false,false,false,false,51,,51.5167,,TRUE,DDR,Non-Splice,Non-DTA,DDR,188.724675,0.00270672408770072,4e-04,C1D1vsC5D1
12555002 chr2 25244230 G>C,12555002,chr2:25244230:G:C,DNMT3A,Trilaciclib,SCLC,true,0,9e-04,0,0.0012105,0,false,false,false,false,51,,51.5167,,TRUE,Non-DDR,Non-Splice,DTA,DTA,188.724675,0.00157051012568337,0.0003105,C1D1vsC5D1
